Text,Value,Question Id,Tags
а) Да,0,1,Склонность к эмоциональным колебаниям
б) Иногда,1,1,Настроение может меняться в зависимости от обстоятельств
в) Нет,2,1,Эмоционально устойчив 
а) Да,0,2,Обидчивость
б) Иногда,1,2,"Может запоминать обиды, но не всегда"
в) Нет,2,2,Обычно не долго помнит обиды и быстро забывает их
а) Да,0,3,Склонен/-на к переживанию из-за мелочей
б) Иногда,1,3,Реакция на мелкие неприятности разная
в) Нет,2,3,Редко переживает из-за мелких неприятностей
а) Да,0,4,Часто нуждается в уединении и паузе от общества
б) Иногда,1,4,Иногда ощущает потребность в уединении
в) Нет,2,4,Обычно не чувствует необходимости избегать общества
а) Да,0,5,Чувствителен/-льна к окружающему шуму
б) Иногда,1,5,Реакция на посторонние разговоры и шум разная
в) Нет,2,5,Не отвлекается на шумы
а) Да,0,6,Склонен-на к самоанализу
б) Иногда,1,6,Периодически анализирует свои переживания
в) Нет,2,6,Редко задумывается о своих чувствах и поступках
а) Да,0,7,Склонен-на к импульсивным действиям
б) Иногда,1,7,Действия могут зависеть от обстоятельств
в) Нет,2,7,"Действует обдуманно, без внезапных порывов"
а) Да,0,8,Часто снятся кошмары
б) Иногда,1,8,"Кошмары бывают, но не часто"
в) Нет,2,8,Редко/Никогда не снится кошмары
а) Да,0,9,Часто тревожится о собственных недостатков
б) Иногда,1,9,Периодически может беспокоиться о своей компетентности
в) Нет,2,9,Обычно уверен-на в себе и не чувствует себя хуже других
а) Да,0,10,Настроение часто меняется
б) Иногда,1,10,Настроение может иногда менятся
в) Нет,2,10,Стабильное настроение
а) Да,0,11,Голос меняется во время спора
б) Иногда,1,11,Иногда голос может меняться в споре
в) Нет,2,11,Голос остается стабильным в спорных ситуациях
а) Да,0,12,Легко выходит из себя
б) Иногда,1,12,Выходит из себя в зависимости от обстоятельств
в) Нет,2,12,Редко/Не выходит из себя
а) Да,0,13,Эмоциональное состояние сильно влияет на аппетит и удовольствие от еды
б) Иногда,1,13,"Эмоции могут влиять на аппетит, но не всегда"
в) Нет,2,13,Эмоции не влияют на восприятие еды
а) Да,0,14,"Чувствует раздражение, когда его/ее не понимают"
б) Иногда,1,14,"Раздражение от непонимания встречается, но не всегда"
в) Нет,2,14,Не испытывает раздражения от непонимания
а) Да,2,15,Способен/-а выполнять неинтересную работу сразу
б) Иногда,1,15,Выполнение неинтересной работы сразу зависит от обстоятельств
в) Нет,0,15,Склонность к откладыванию неинтересных задач
а) Да,2,16,Умение преодолевать внутреннее сопротивление 
б) Иногда,1,16,Способен преодолеть сопротивление в зависимости от обстоятельств
в) Нет,0,16,Неумение преодолевать внутреннее сопротивление
а) Да,2,17,Способен/-бна взять себя в руки и объективно оценить конфликт
б) Иногда,1,17,В зависимости от ситуации и эмоционального состояния может объективно оценить конфликт
в) Нет,0,17,Трудно контролировать себя в конфликтных ситуациях
а) Да,2,18,Способен/-бна строго соблюдать диету
б) Иногда,1,18,Соблюдает диету в зависимости от обстоятельств
в) Нет,0,18,Трудно соблюдать диету
а) Да,2,19,"Способен/-бна вставать пораньше, если решит"
б) Иногда,1,19,Способность вставать пораньше зависит от обстоятельств и настроения
в) Нет,0,19,Трудно осуществить намерение вставать пораньше
а) Да,2,20,"Остается, чтобы дать показания"
б) Иногда,1,20,"В зависимости от характера происшествия и возможности помочь, может остаться, чтобы дать показания"
в) Нет,0,20,"Обычно не остается на месте, чтобы давать показания"
а) Да,2,21,Быстро отвечает на письма
б) Иногда,1,21,Отвечает на письма сразу в зависимости от ситуации и настроения
в) Нет,0,21,Неспешно/Вообще не отвечает на письма
а) Да,2,22,"Обычно не отменяет запланированные мероприятия, несмотря на страх"
б) Иногда,1,22,Решение отменить мероприятие зависит от ситуации и уровня страха
в) Нет,0,22,Склонен/-на отменять мероприятия из-за страха
а) Да,2,23,Готов/а принимать неприятное лекарство
б) Иногда,1,23,Готовность принимать неприятное лекарство зависит от степени неприятности лекарства и уровня доверия к врачу
в) Нет,0,23,Склонен/-на избегать приема неприятных лекарств
а) Да,2,24,Всегда выполняет данное слово
б) Иногда,1,24,"Выполняет слово, но не всегда"
в) Нет,0,24,Не всегда выполняет данное слово
а) Да,2,25,Легко соглашается на дальнюю поездку в незнакомый город
б) Иногда,1,25,"Соглашается, но решает в зависимости от обстоятельств"
в) Нет,0,25,Не склонен/-на к дальним поездкам в незнакомые города
а) Да,2,26,Придерживается определенного распорядка дня
б) Иногда,1,26,Следует определенному распорядку дня в зависимости от обстоятельств
в) Нет,0,26,Не придерживается определенного распорядка дня
а) Да,2,27,Всегда возвращает книги вовремя
б) Иногда,1,27,Не всегда возвращает книги вовремя в библиотеку
в) Нет,0,27,Редко возвращает книги вовремя
а) Да,2,28,Прервет выполнение срочной работы ради интересной передачи
б) Иногда,1,28,Может прервать работу в зависимости от важности задачи и интереса передачи
в) Нет,0,28,Не прервет выполнение срочной работы ради передачи
а) Да,2,29,"Способен первым/-ой прекратить ссору, даже если оппонент не прав"
б) Иногда,1,29,Может прекращать ссору в зависимости от ситуации и отношения к оппоненту
в) Нет,0,29,"Не готов/а первым прекратить ссору, если оппонент не прав"
Не знаю,0,30,Нет уверенности/Не может сделать выбор между книгами о путешествиях и книгами о жизни замечательных людей
"Нет, никогда",1,30,Никогда не выбирает книги о путешествиях
Иногда,2,30,Выбор книги зависит от настроения и интересов
Часто,3,30,"Часто выбирает книги о путешествиях, но не всегда"
Почти всегда,4,30,В основном предпочитает книги о путешествиях
"Да, всегда",5,30,"Предпочитает книги о путешествиях больше чем книги из серии ""Жизнь замечательных людей"""
Не знаю,0,31,"Нет уверенности/Не может определить, как часто их раздражает забота родителей"
"Нет, никогда",1,31,Взрослых детей никогда не раздражает забота родителей
Иногда,2,31,Взрослых детей время от времени раздражает забота родителей
Часто,3,31,Взрослых детей регулярно раздражает забота родителей
Почти всегда,4,31,Взрослых детей чаще всего раздражает забота родителей
"Да, всегда",5,31,Взрослых детей постоянно раздражает забота родителей
Не знаю,1,32,"Нет уверенности/Не может определить, нравится ли ему размышлять о причинах успехов и неудач других людей"
"Нет, никогда",0,32,Не нравится размышлять о причинах успехов и неудач других людей
Иногда,0,32,Время от времени размышляет о причинах успехов и неудач других людей
Часто,0,32,Часто размышляет о причинах успехов и неудач других людей
Почти всегда,0,32,Почти всегда размышляет о причинах успехов и неудач других людей
"Да, всегда",0,32,Нравится постоянно размышлять о причинах успехов и неудач других людей
Не знаю,0,33,"Нет уверенности/Не может определить, предпочитает ли он передачи о современной музыке больше других музыкальных передач"
"Нет, никогда",1,33,Не нравятся передачи о современной музыке 
Иногда,2,33,Иногда может посмотреть передачи о современной музыке
Часто,3,33,Часто смотрит передачи о современной музыке
Почти всегда,4,33,Почти всегда смотрит передачи о современной музыке
"Да, всегда",5,33,Постоянно предпочитает смотреть передачи о современной музыке
Не знаю,0,34,"Нет уверенности/Не может определить, готов ли он терпеть чрезмерную раздражительность и несправедливые упреки больного"
"Нет, никогда",1,34,Не готов/а терпеть чрезмерную раздражительность и несправедливые упреки больного
Иногда,2,34,Изредка терпит чрезмерную раздражительность и несправедливые упреки больного
Часто,3,34,Часто терпит чрезмерную раздражительность и несправедливые упреки больного
Почти всегда,4,34,"Чаще всего готов/а терпеть чрезмерную раздражительность и несправедливые упреки больного, но не всегда"
"Да, всегда",5,34,Согласен/-сна терпеть чрезмерную раздражительность и несправедливые упреки больного даже в течение многих лет
Не знаю,0,35,"Нет уверенности/Не может определить, может ли слово помочь больному человеку"
"Нет, никогда",1,35,Больному человеку словом не помочь
Иногда,2,35,"В редких случаях, больному человеку может помочь даже слово"
Часто,3,35,"Часто, больному может помочь даже слово"
Почти всегда,4,35,"Больному человеку в большинстве случаев можно помочь словом, но не всегда"
"Да, всегда",5,35,Больному человеку всегда можно помочь даже простым словом
Не знаю,0,36,Не имеет четкой позиции по данному вопросу
"Нет, никогда",1,36,Посторонним людям не следует вмешиваться в конфликт между другими и никогда не делает такие вмешательства
Иногда,2,36,"Может рассмотреть каждую ситуацию индивидуально и иногда решить, где вмешательство будет уместным"
Часто,3,36,Часто вмешивается в конфликты других
Почти всегда,4,36,"Склонность вмешиваться в чужие конфликты практически всегда, даже если это не всегда целесообразно"
"Да, всегда",5,36,Всегда вмешивается в конфликты других
Не знаю,0,37,Нет чёткой позиции в этом вопросе
"Нет, никогда",1,37,Старые люди не бывают обидчивы без особых причин
Иногда,2,37,Старые люди иногда могут быть обидчивыми без видимой причины
Часто,3,37,Старые люди часто бывают обидчивыми без причины
Почти всегда,4,37,Старые люди обидчивы без причины
"Да, всегда",5,37,Старые люди всегда обижаются без причины
Не знаю,1,38,Есть трудности с вспоминанием своих эмоциональных реакций в детстве
"Нет, никогда",0,38,Не испытывает грусти при прослушивании грустных историй в детстве
Иногда,0,38,Эмоциональная реакция на грустные истории редко возникает
Часто,0,38,"Время от времени реагирует грустью на грустные истории, но не всегда"
Почти всегда,0,38,"Высокая степень эмпатии, но интенсивность эмоций меньше"
"Да, всегда",0,38,Склонен проявлять глубокие эмоции и сочувствие к грустным историям с детства
Не знаю,0,39,"Не уверен/а в том, влияет ли настроение родителей на собственное настроение"
"Нет, никогда",1,39,Настроение не зависит от настроения родителей
Иногда,2,39,"Настроение может быть подвержено влиянию раздраженного состояния родителей, но не всегда"
Часто,3,39,"Реагирует на раздраженное состояние родителей, что влияет на его/ее настроение"
Почти всегда,4,39,Чувствительный/-ая к изменениям в настроении родителей
"Да, всегда",5,39,Сильно зависит от эмоционального состояния родителей
Не знаю,1,40,"Не уверен/а, как реагирует на критику в свой адрес"
"Нет, никогда",0,40,"Очень чувствителен/-на к критике, всегда реагирует на нее"
Иногда,0,40,"Реагирует на критику не всегда, иногда равнодушен/-на"
Часто,0,40,Часто реагирует на критику
Почти всегда,0,40,"Обычно не реагирует на критику, но иногда бывает чувствителен/-на"
"Да, всегда",1,40,"Не обращает внимания на критику, равнодушен/-на к ней"
Не знаю,0,41,"Не уверен/а, что ему/ей нравится больше"
"Нет, никогда",1,41,Предпочитает пейзажи
Иногда,2,41,Не имеет четкого предпочтения между портретами и пейзажами
Часто,3,41,В основном предпочитает портреты
Почти всегда,4,41,"Чаще предпочитает портреты, но так же интересуется и пейзажами"
"Да, всегда",5,41,Предпочитает портреты
Не знаю,1,42,"Нет уверенности в том, всегда ли прощал/а родителям"
"Нет, никогда",0,42,"Никогда не прощал/а родителям, даже если они были правы"
Иногда,0,42,Не всегда прощал/а родителям
Часто,0,42,"Часто прощал/а родителям, но иногда мог/-ла и не прощать"
Почти всегда,0,42,Почти всегда прощал/а родителям
"Да, всегда",1,42,"Всегда прощал родителям, даже если они были неправы"
Не знаю,0,43,Нет уверенности как реагировать на ситуацию с хлестанием лошади
"Нет, никогда",1,43,"Убежден/а, что лошадь не нужно хлестать, даже если она плохо тянет"
Иногда,2,43,"Не всегда уверен/а, нужно ли хлестать лошадь, может принимать разные решения"
Часто,3,43,"Часто считает, что хлестание лошади необходимо"
Почти всегда,4,43,"Часто придерживается мнения, что лошадь нужно хлестать, но иногда может не делать этого"
"Да, всегда",5,43,"Считает, что хлестание лошади при необходимости обязательно"
Не знаю,0,44,Нет уверенности как реагировать на чужие драматические события
"Нет, никогда",0,44,Не переживает чужие драматические события как свои
Иногда,0,44,Иногда переживает чужие драматические события
Часто,0,44,Регулярно переживает чужие драматические события
Почти всегда,0,44,"Часто эмпатичен/-на к чужим драматическим событиям, часто переживает их"
"Да, всегда",1,44,"Сильно эмпатичен/-на к чужим драматическим событиям, чувствует, будто это происходит с ним/ней"
Не знаю,0,45,Нет уверенности как оценить справедливость отношения родителей к детям
"Нет, никогда",1,45,"Уверен/а, что родители никогда не относятся к детям справедливо"
Иногда,2,45,"Имеет сомнения в том, насколько справедливо родители относились к детям"
Часто,3,45,"Считает, что родители относятся к детям справедливо"
Почти всегда,4,45,"Считает, что родители относятся к детям справедливо, но иногда есть сомнения"
"Да, всегда",5,45,"Считает, что родители всегда относятся к своим детям справедливо"
Не знаю,0,46,
"Нет, никогда",1,46,Никогда не вмешивается в ссоры других
Иногда,2,46,Иногда вмешивается в такие ситуации
Часто,3,46,"Часто вмешивается, когда видит ссорящихся подростков или взрослых"
Почти всегда,4,46,"Практически всегда вмешивается, если видит ссору"
"Да, всегда",5,46,Всегда вмешивается в конфликты между людьми
Не знаю,0,47,
"Нет, никогда",1,47,Никогда не игнорирует плохое настроение родителей и всегда обращает на это внимание
Иногда,2,47,Иногда не обращает внимания на плохое настроение родителей
Часто,3,47,Часто не обращает внимания на плохое настроение родителей
Почти всегда,4,47,Практически всегда не обращает внимания на плохое настроение родителей
"Да, всегда",5,47,Никогда не обращает внимания на плохое настроение родителей
Не знаю,0,48,
"Нет, никогда",1,48,"Никогда не отвлекается, чтобы наблюдать за животными вместо своих дел"
Иногда,2,48,"Иногда отвлекается, чтобы наблюдать за животными"
Часто,3,48,"Часто наблюдает за поведением животных, даже если это задерживает другие дела"
Почти всегда,4,48,Почти всегда предпочитает наблюдать за поведением животных вместо дел
"Да, всегда",5,48,"Всегда откладывает дела, чтобы наблюдать за поведением животных"
Не знаю,0,49,"Нет определенного мнения о том, могут ли фильмы и книги вызывать слезы у несерьезных людей"
"Нет, никогда",1,49,"Считает, что фильмы и книги никогда не вызывают слез у несерьезных людей"
Иногда,2,49,"Считает, что иногда фильмы и книги могут вызывать слезы у несерьезных людей"
Часто,3,49,"Считает, что часто фильмы и книги могут вызывать слезы у несерьезных людей"
Почти всегда,4,49,"Считает, что часто фильмы и книги могут вызывать слезы у несерьезных людей"
"Да, всегда",5,49,"Считает, что фильмы и книги всегда вызывают слезы у несерьезных людей"
Не знаю,0,50,"Нет определенного мнения о том, нравится ли ему/ей наблюдать за выражением лиц и поведением незнакомых людей"
"Нет, никогда",1,50,Не нравится наблюдать за выражением лиц и поведением незнакомых людей
Иногда,2,50,Иногда нравится наблюдать за выражением лиц и поведением незнакомых людей
Часто,3,50,Часто нравится наблюдать за выражением лиц и поведением незнакомых людей
Почти всегда,4,50,Почти всегда с интересом наблюдает за выражением лиц и поведением незнакомых людей
"Да, всегда",5,50,Нравится постоянно наблюдать за выражением лиц и поведением незнакомых людей
Не знаю,0,51,"Не помнит, приводил/а ли он домой кошек и собак в детстве"
"Нет, никогда",1,51,Никогда не приводил/а домой кошек и собак
Иногда,2,51,Иногда приводил/а домой кошек и собак
Часто,3,51,Часто приводил/а домой кошек и собак
Почти всегда,4,51,Почти всегда приводил/а домой кошек и собак
"Да, всегда",5,51,Всегда приводил/а домой кошек и собак
Не знаю,0,52,Неопределенное отношение к озлобленности людей
"Нет, никогда",1,52,"Утверждает, что люди никогда не стают озлобленными необоснованно"
Иногда,2,52,"Признает, что иногда люди озлоблены необоснованно"
Часто,3,52,"Считает, что часто люди озлоблены необоснованно"
Почти всегда,4,52,"Считает, что практически всегда люди озлоблены необоснованно"
"Да, всегда",5,52,"Утверждает, что люди всегда озлоблены необоснованно"
Не знаю,0,53,
"Нет, никогда",1,53,Не испытывает желания угадывать судьбу посторонних
Иногда,2,53,"Иногда желает угадать, как сложится жизнь посторонних людей"
Часто,3,53,Часто испытывает желание угадать жизнь других
Почти всегда,4,53,Очень часто испытывает желание угадать жизнь других
"Да, всегда",5,53,Постоянно испытывает желание угадать как сложится жизнь других
Не знаю,0,54,
"Нет, никогда",1,54,Младшие по возрасту никогда не ходили за ним/ней по пятам
Иногда,2,54,Иногда младшие по возрасту следовали за ним/ней
Часто,3,54,Младшие по возрасту часто ходили за ним/ней по пятам
Почти всегда,4,54,Почти всегда младшие по возрасту следовали за ним/ней
"Да, всегда",5,54,Младшие по возрасту всегда следовали за ним/ней
Не знаю,0,55,Не встречал/а раненых животных
"Нет, никогда",1,55,Никогда не старался/-ась помочь раненым животным
Иногда,2,55,Иногда были попытки помочь раненым животным
Часто,3,55,Часто старался/-ась помочь раненым животным
Почти всегда,4,55,Почти всегда старается помогать раненым животным
"Да, всегда",5,55,Всегда помогает раненым животным
Не знаю,0,56,
"Нет, никогда",0,56,"Считает, что от выслушивания жалоб может стать легче"
Иногда,0,56,"Признает, что иногда человеку может стать легче от внимательного прослушивания его жалоб"
Часто,0,56,"Считает, что часто человеку становится легче от внимательного прослушивания его жалоб"
Почти всегда,0,56,"Считает, что почти всегда человеку становится легче от внимательного прослушивания его жалоб"
"Да, всегда",1,56,"Утверждает, что человеку обязательно станет легче от внимательного прослушивания его жалоб"
Не знаю,1,57,
"Нет, никогда",0,57,Всегда старается оставаться свидетелем
Иногда,0,57,Иногда человек старается избегать участия в уличных происшествиях
Часто,0,57,Часто избегает быть свидетелем
Почти всегда,0,57,Почти всегда удается избежать роли свидетеля в уличных происшествиях
"Да, всегда",0,57,Всегда избегает быть свидетелем уличных происшествий
Не знаю,0,58,
"Нет, никогда",1,58,"Считает, что младшим никогда не нравится его/ее идеи"
Иногда,2,58,"Признает, что иногда младшим нравится его/ее идеи"
Часто,3,58,"Считает, что младшим часто нравится его/ее идеи"
Почти всегда,4,58,Младшие практически всегда ценят его/ее предложения
"Да, всегда",5,58,"Считает, что младшим всегда нравится его/ее идеи"
Не знаю,0,59,
"Нет, никогда",1,59,Младшие не ценят его/ее предложения
Иногда,2,59,Сомневается в чувствительности животных
Часто,3,59,Младшие часто ценят его/ее идеи
Почти всегда,4,59,"Считает, что способность животных преувеличивают"
"Да, всегда",5,59,Популярен/-на среди младших
Не знаю,0,60,
"Нет, никогда",1,60,Всегда зависит от других
Иногда,2,60,Гибкий
Часто,3,60,Предпочитает решать сам
Почти всегда,4,60,Самостоятельный
"Да, всегда",5,60,Решает конфликты самостоятельно
Не знаю,0,61,"Не уверен/а в том, какие могут быть причины плача у ребенка"
"Нет, никогда",1,61,"Считает, что плач ребенка всегда случаен и не имеет реальных причин"
Иногда,2,61,"Понимает, что у ребенка бывают причины для плача, но не всегда это бывает очевидным"
Часто,3,61,"Верит в то, что у ребенка часто есть обоснованные причины для плача"
Почти всегда,4,61,"Склонен/-на думать, что у ребенка чаще всего есть причины для того, чтобы плакать"
"Да, всегда",5,61,"Верит в то, что у ребенка всегда есть причина для  того, чтобы плакать"
Не знаю,0,62,"Не может определить, как должна вести себя молодежь по отношению к просьбам и чудачествам стариков"
"Нет, никогда",1,62,"Уверен/а, что молодежь не обязана удовлетворять просьбы и чудачества стариков"
Иногда,2,62,"Считает, что молодежь иногда должна учитывать просьбы и желания старших поколений"
Часто,3,62,"Считает, что молодежь должна чаще удовлетворять просьбы и чудачества стариков"
Почти всегда,4,62,"Склонен думать, что молодежь чаще всего должна удовлетворять просьбы и чудачества стариков, но бывают исключения"
"Да, всегда",5,62,"Считает, что молодежь должна всегда удовлетворять просьбы и чудачества стариков."
Не знаю,0,63,
"Нет, никогда",1,63,Никогда не задавался/-ась вопросом о причинах задумчивости одноклассников
Иногда,2,63,"Иногда интересовался/-ась, почему некоторые одноклассники были задумчивы"
Часто,3,63,Регулярно задавался/-ась вопросом о причинах задумчивости некоторых одноклассников
Почти всегда,4,63,"Часто интересовался/-ась, почему некоторые одноклассники были задумчивы"
"Да, всегда",5,63,"Всегда хотел/а разобраться, почему некоторые одноклассники иногда были задумчивы"
Не знаю,0,64,
"Нет, никогда",1,64,"Не считает, что следует отлавливать и уничтожать беспризорных домашних животных"
Иногда,2,64,Иногда соглашается с идеей отлавливания и уничтожения беспризорных домашних животных
Часто,3,64,Имеет склонность соглашаться с идеей отлавливать и уничтожать беспризорных домашних животных
Почти всегда,4,64,Часто поддерживает идею отлавливания и уничтожения беспризорных домашних животных
"Да, всегда",5,64,"Считает, что беспризорных домашних животных следует отлавливать и уничтожать"
Не знаю,1,65,Не имеет определенного образа действий/Не знает как реагировать когда его/ее друзья начинают обсуждать с ним/ней свои личные проблемы
"Нет, никогда",0,65,"Никогда не пытается перевести разговор на другую тему, когда друзья обсуждают свои личные проблемы"
Иногда,0,65,Иногда старается перевести разговор при разговоре о личных проблемах друзей
Часто,0,65,"Имеет склонность переводить разговор на другую тему, когда друзья обсуждают свои личные проблемы"
Почти всегда,0,65,"Часто предпочитает переводить разговор на другую тему, когда друзья делятся своими личными проблемами"
"Да, всегда",0,65,"Всегда старается перевести разговор на другую тему, когда друзья начинают обсуждать свои личные проблемы"
а) Да,3,66,Окружающий мир должен быть улучшен
"б) Да, неплохо было бы улучшить некоторые детали",2,66,"Хотя окружающий мир в целом хорош, но некоторые его аспекты могли бы быть улучшены"
"в) Нет, в нем и так все прекрасно",1,66,"Окружающий мир и так идеальный, и улучшение не требуется"
а) Да,3,67,Стремится к совершенству при занятии незнакомым делом
б) Только если это занятие вам по душе,2,67,"Стремится к совершенству только в том, что ему/ей по душе"
"в) Нет, вас вполне удовлетворит результат, которого вы добьетесь",1,67,Не стремится к совершенству и удовлетворяется достигнутым результатом
"а) Да, без труда",3,68,Легко повторяет иностранные слова
"б) Да, но не поручитесь за правильность",2,68,"Может повторить, но с некоторой неуверенностью в правильности произношения"
"в) Да, если это очень легко запоминающееся слово",1,68,"Способен/-на повторить, если слово очень легко запоминается"
"а) Можете отказаться от нее, если услышите убедительные аргументы оппонентов",3,69,Готов/а изменить свое мнение под влиянием убедительных аргументов
"б) Измените свое мнение, если большинство будет придерживаться противоположной точки зрения",2,69,"Склонен/-на изменить мнение, если большинство высказывает противоположную точку зрения"
"в) Останетесь при своем мнении, даже выслушав тысячи аргументов против",1,69,"Упорно придерживается своей идеи, несмотря на множество аргументов против"
"а) Да, в большинстве случаев",3,70,Уверен/-на в своей способности внести значительный вклад в изменение окружающего мира
"б) Да, в некоторых случаях",2,70,"Может внести значительный вклад, но не всегда"
в) Нет,1,70,Не верит в свою способность внести значительное изменение в окружающий мир
а) Остаться в одиночестве и поразмышлять,3,71,Предпочитает проводить свободное время в одиночестве для размышлений
"б) Вам безразлично, будете ли вы один или в компании",2,71,"Равнодушен/-на к тому, проводить время в одиночестве или в компании"
в) Находиться в компании,1,71,Предпочитает находиться в компании
а) Да,3,72,"Обычно, думает что сможет все осуществить"
"б) Да, часто",2,72,"Чаще, думает что сможет осуществить задуманное"
"в) Часто думаете, что не сможете",1,72,Сомневается в своей способности осуществить задуманное
а) Да,3,73,Верит в свои навигационные способности
б) Только если местность вам понравилась и запомнилась,2,73,"Может сориентироваться при условии, что местность запомнилась и понравилась"
"в) Нет, вы наверняка собьетесь с пути",1,73,"Не верит, что сможет сориентироваться на незнакомом маршруте"
а) Любите мечтать о чем-то абстрактном и отвлеченном,3,74,Склонен/-на к абстрактным размышлениям в одиночестве
"б) Иногда любите помечтать, но о реальных вещах, связанных с вашей жизнью",2,74,"Время от времени размышляет о конкретных аспектах своей жизни, в одиночестве"
в) Пытаетесь найти себе занятие,1,74,Стремится заполнить свое одиночество активными занятиями или задачами
"а) Да, наверняка",3,75,"Уверен/-на, что сможет оказать принципиальное влияние в будущем"
б) Возможно,2,75,"Сомневается, но видит шанс на изменения в будущем"
в) Скорее всего нет,1,75,"Считает, что вероятность изменить что-то принципиально невелика"
"а) Оно закончено и, на ваш взгляд, выполнено прекрасно",3,76,"Завершает дело, когда оно выполнено идеально"
б) Вам еще не все удалось сделать,2,76,"Прекращает работу, несмотря на то, что еще не все задачи выполнены"
в) Вы в целом довольны,1,76,"Заканчивает дело, когда остается довольным/-ой общим результатом"
а) Да,3,77,"Считает, что некоторые из его/ее идей могли бы принести значительный прогресс в его сфере деятельности"
"б) Да, при благоприятных обстоятельствах",2,77,"Полагает, что идеи могли бы принести прогресс, но при определенных условиях"
в) Лишь в некоторой степени,1,77,"Думает, что его/ее идеи могли бы принести прогресс, но не в полной мере"
"а) Да, все новое вас привлекает",3,78,Интересуется новыми и незнакомыми делами
"б) Все зависит от того, что это за дело",2,78,Интерес к новым делам зависит от конкретной ситуации и характера дела
"в) Нет, незнакомое дело вряд ли вас заинтересует",1,78,Не проявляет большого интереса к новым и незнакомым делам
а) Да,3,79,"Стремиться узнать все о незнакомом деле, которое заинтересовало"
"б) Нет, вы хотите научиться только самому основному",2,79,"Стремиться изучить основы незнакомого дела, не вдаваясь глубоко в детали"
"в) Нет, вы хотите только удовлетворить свое любопытство",1,79,"Будет интересоваться незнакомым делом только для того, чтобы удовлетворить свою любопытство, но не готов углубляться в детали"
"а) Везде, независимо от того, где и с кем вы находитесь",3,80,"Полностью погружается в свои идеи, даже в шумной обстановке и в присутствии других людей"
"б) Только там, где не слишком шумно",2,80,Способен/-на сосредотачиваться на своих идеях в спокойной обстановке
в) Только оставшись наедине с собой,1,80,"Предпочитает размышлять о своих идеях и работать над ними, оставаясь в одиночестве и в тишине"
а) Свои возможности и дальнейшие перспективы для себя,3,81,Ориентируется на свои способности и будущие возможности при выборе профессии
"б) Преимущества, которые дает данная профессия",2,81,"Оценивает профессию исходя из выгод и преимуществ, которые она может предоставить"
"в) Стабильность, значимость, важность профессии, потребность общества в ней",1,81,"Уделяет внимание стабильности, важности профессии и потребности общества при выборе"
"а) Да, конечно",3,82,Способен/-на подробно вспомнить содержание беседы сразу после ее окончания
б) Запоминаете только интересующие вас подробности,2,82,Ограничивает запоминание деталей беседы только интересными для себя деталями
"в) Нет, всего вспомнить не сможете",1,82,Не способен/-на подробно вспомнить содержание беседы сразу после ее окончания
"а) Какое-то время упорствуете, вопреки здравому смыслу",3,83,"Способен/-на продолжать упорно стремиться к цели даже после неудачи, иногда игнорируя здравый смысл"
"б) Подолжаете делать свое дело, даже когда становится очевидно, что препятствия непреодолимы",2,83,"Способен/-на продолжать свои усилия, даже если стало очевидно, что достижение цели затруднено или невозможно"
"в) Махнете рукой на эту затею, так как понимаете. что она нереальна",1,83,"Склонен/-на отказаться от идеи или цели, если понимает, что они нереальны или недостижимы"
Да,0,84,Открыт/а для разнообразных точек зрения
Нет,1,84,Предпочитает придерживаться собственных взглядов
Да,1,85,Раздражается при отвлечении от важной работы
Нет,0,85,Сохраняет спокойствие если его/ее отвлекают от важной работы
Да,1,86,"Считает, что праздники нужно отмечать с родственниками"
Нет,0,86,Не считает обязательным встречать праздники с родственниками
Да,0,87,"Готов/а быть в дружеских отношениях с людьми, чьи поступки он/а одобряет"
Нет,1,87,"Не может быть в таких отношениях с теми, кого не одобряет"
Да,0,88,Предпочитает выигрывать в игре
Нет,1,88,Не стремится к победе в игре
Да,0,89,"При опоздании может думать только о том, как может ускориться и сократить дорогу"
Нет,1,89,"Может сохранять спокойствие и думать о других вещах, несмотря на опоздание"
Да,1,90,Испытывает трудности с концентрацией и сосредоточенностью
Нет,0,90,Не испытывает значительных трудностей с сосредоточенностью
Да,0,91,Уделяет много времени упорядочиванию вещей и поддержанию порядка вокруг себя
Нет,1,91,Не уделяет много времени для поддержания порядка и аккуратности
Да,0,92,Работает очень напряженно и уделяет много внимания своей работе
Нет,1,92,Работает расслабленно
Да,0,93,Редко смеется над неприличными шутками
Нет,1,93,Часто может посмеяться над неприличными шутками
Да,0,94,"Часто возникают мысли, что за спиной о нем/ней говорят"
Нет,1,94,"Не думает, что о нем/ней говорят за спиной"
Да,1,95,Легко уступает в споре
Нет,0,95,Сложно переспорить
Да,0,96,Предпочитает известные маршруты
Нет,1,96,Готов/а исследовать новые маршруты
Да,0,97,"Следует жизненным принципам, основанным на чувстве долга"
Нет,1,97,Имеет гибкий подход к своим жизненным принципам
Да,1,98,Иногда испытывает трудности с выражением мыслей из-за быстроты их потока
Нет,0,98,Не испытывает трудностей с выражением мыслей каким бы быстрым не был их поток
Да,0,99,Иногда смеется из-за глупых ошибок других
Нет,1,99,Никогда не смеется если кто-то вдруг допустил глупую ошибку
Да,0,100,Иногда в голову приходят плохие мысли от которых бывает трудно избавится
Нет,1,100,"Не испытывает трудностей в том, чтобы избавится от плохих мыслей"
Да,0,101,"Есть навязчивые мысли о том, что его/ее оценивают в его/ее отсутствие"
Нет,1,101,Не беспокоиться о возможности стать объектом обсуждения за своей спиной
Да,1,102,Не испытывает сильной тревоги или беспокойства о безопасности дома при выходе из него
Нет,0,102,Беспокоится о безопасности дома и нуждается в дополнительном контроле и проверкам перед уходом
Да,0,103,Испытывает затруднения с моментом начала выполнения задачи или проекта
Нет,1,103,Легко приступает к делам и проявляет инициативу с самого начала
Да,1,104,Обычно выполняет свои обещания
Нет,0,104,Не всегда сдерживает свои обещания
Да,1,105,С пониманием относится к нарушениям правил
Нет,0,105,Строго осуждает нарушения правил
Да,0,106,
Нет,1,106,
Да,0,107,Не всегда говорит только правду
Нет,1,107,Всегда говорит правду
Да,1,108,Часто с трудом сосредотачивается
Нет,0,108,Легко сосредотачивается
Да,0,109,Часто ощущает враждебность к себе
Нет,1,109,Не ощущает враждебности к себе
Да,0,110,Доводит начатые дела до конца
Нет,1,110,Не всегда завершает начатые задачи
Да,1,111,Старается не откладывать дела на потом
Нет,0,111,"Часто, может отложить дела на завтра"
Да,1,112,Обращает внимание на детали окружения
Нет,0,112,Мало обращает внимания на детали окружения
Да,0,113,"Склонен/-на настаивать на своем из-за чего, может вызывать раздражение у других"
Нет,1,113,"Редко проявляет настойчивость, оставаясь спокойным/-ой"
Да,0,114,Аккуратный/-ая и педантичный/-ая
Нет,1,114,Не склонен/-на быть слишком аккуратным/-ой
Да,1,115,Уступчивый/-ая
Нет,0,115,Упрямый/-ая
Да,0,116,Насторожен/а к неожиданному дружелюбию людей
Нет,1,116,Спокойно относится к неожиданному дружелюбию людей
Да,0,117,Не отвлекается от начатой работы
Нет,1,117,Может легко отвлечься от начатой работы
Да,1,118,"Легко может отказаться от намерения доказать что-либо, когда другой человек не понимает его/ее"
Нет,0,118,"Не отказывается от намерения доказать что-либо, даже когда другой человек не понимает его/ее"
Да,1,119,Умеет позаботиться о других в трудные моменты
Нет,0,119,Не умеет позаботиться о других в трудные моменты
Да,1,120,Склонен/-на к изменениям окружающей обстановки
Нет,0,120,Предпочитает стабильность и рутину
Да,0,121,Требуется время на адаптацию к новым задачам
Нет,1,121,Быстро осваивает новые задачи
Да,0,122,Склонен/-на к глубокому изучению дела которым занимается
Нет,1,122,Предпочитает  приступать к делу с общим представлением без деталей
Да,0,123,Родители были строги и требовательны
Нет,1,123,Редко подвергался/-ась необоснованным требованиям со стороны родителей
Да,0,124,Способен/-на быть спокойным и даже немного равнодушным при виде чужого несчастья
Нет,1,124,Эмоционально реагирует на чужое несчастье
Да,1,125,Легко переключается между делами
Нет,0,125,Предпочитает заниматься одним делом
Да,0,126,"Склонен/-на считать, что только одно мнение по спорному вопросу является верным"
Нет,1,126,Признает разнообразие мнений и точек зрения
Да,0,127,Любит доводить свои умения и навыки до автоматизма
Нет,1,127,Не любит доводить свои умения и навыки до автоматизма
Да,1,128,Легко увлекается новыми затеями
Нет,0,128,Сложно увлечь новыми затеями
Да,0,129,Настойчиво добивается своих целей
Нет,1,129,Подстраивается под обстоятельства если они мешают достичь целей
Да,1,130,Меняет способ действия во время монотонной работы
Нет,0,130,Сохраняет однотипный способ действий для стабильности результатов
Да,0,131,Обладает высоким уровнем терпеливости
Нет,1,131,Редко вызывает зависть своей терпеливостью
Да,1,132,Любит наблюдать за окружающими
Нет,0,132,Редко обращает внимание на прохожих
Да,0,133,"Считает, что негативные отношения окружающих препятствуют достижению успеха"
Нет,1,133,Не связывает свои достижения с настроением окружающих
Да ,2,134,Испытывает сильное беспокойство и нервозность перед обычной или деловой встречей
Иногда,1,134,"Ситуация ожидания встречи может выбивать из колеи, но это происходит не всегда"
Нет,0,134,"Спокойно справляется с ожиданием встречи, какой бы она не была"
Да ,2,135,Испытывает смятение и неудовольствие при поручении выступить с докладом и т.д.
Иногда,1,135,Реакция может быть неоднозначной и зависит от конкретных обстоятельств
Нет,0,135,Не испытывает неудобств при поручениях такого рода
Да ,2,136,Часто откладывает визит к врачу до последнего момента
Иногда,1,136,"Обычно, не откладывает визиты к врачу, но бывают исключения"
Нет,0,136,Не откладывает визиты к врачу
Да ,2,137,"Приложит максимум усилий, чтобы избежать командировки"
Иногда,1,137,"Из-за некоторых обстоятельств может избегать командировок в незнакомый город, но это не является чем-то постоянным"
Нет,0,137,"Будет готов к новому опыту и месту, не избегая командировки"
Да ,2,138,"Склонен/-на делиться своими переживаниями с кем угодно, готов/а обсудить свои чувства и эмоции открыто"
Иногда,1,138,"Иногда может делиться своими переживаниями, но это происходит не на постоянной основе"
Нет,0,138,Не любит делиться своими переживаниями с кем бы то ни было и предпочитает хранить их в себе
Да ,2,139,"Часто раздражается, если незнакомые люди на улице обращаются с просьбами, это вызывает негодование"
Иногда,1,139,Раздражительность в таких ситуациях зависит от обстоятельств
Нет,0,139,Остается спокойным/-ой в таких ситуациях
Да ,2,140,"Верит в существование проблемы ""отцов и детей"". Людям разных поколений действительно трудно понимать друг друга"
Иногда,1,140,"Иногда возникают трудности в понимании между поколениями, но это не всегда является проблемой"
Нет,0,140,"Не верит, что существует проблема ""отцов и детей"". Люди разных поколений могут легко понимать друг друга"
Да ,2,141,Постесняется напомнить знакомому о долге и вернуть деньги
Иногда,1,141,Все может зависеть от ситуации. Если будет подходящий момент обязательно напомнит о долге
Нет,0,141,Не постесняется напомнить знакомому о долге и попросит вернуть деньги
Да ,2,142,"Скорее всего, промолчит и отодвинет тарелку, не желая конфликта"
Иногда,1,142,"Может реагировать по-разному в подобных ситуациях, иногда молчит, а иногда выражает недовольство"
Нет,0,142,Не стесняется выразить недовольство и пожаловаться на недоброкачественное блюдо
Да ,2,143,"Вероятно, будет сдержанным/-ой и не начнет разговор первым/-ой. Будет дискомфортно, если другой человек начнет беседу"
Иногда,1,143,"Реакция человека может зависеть от конкретной ситуации. Может как начать беседу, так и быть сдеражанным/-ой"
Нет,0,143,Не испытывает напряжения при общении с незнакомцами и не боится начать разговор
Да ,2,144,"Избегает очередей везде, где это возможно, из-за сильного дискомфорта, вызываемого ожиданием"
Иногда,1,144,"В зависимости от обстоятельств, иногда он может отказаться от намерения избежать очереди, а иногда нет"
Нет,0,144,"Не принципиально избегать очередей, не испытывает в них ужаса"
Да ,2,145,Испытывает боязнь или дискомфорт при участии в комиссии по рассмотрению конфликтных ситуаций и предпочитает избегать их
Иногда,1,145,Реакция может меняться в зависимости от конкретной ситуации; иногда он может чувствовать беспокойство
Нет,0,145,Не испытывает страха или дискомфорта при участии в комиссиях по рассмотрению конфликтов
Да ,2,146,"Имеет собственные строгие критерии оценки и редко принимает чужое мнение в отношении произведений литературы, искусства и культуры"
Иногда,1,146,Может быть гибким/-ой в своих оценках и иногда учитывать чужие мнения
Нет,0,146,"Открыт/а к разнообразным мнениям и готов рассматривать чужие точки зрения при оценке произведений литературы, искусства и культуры"
Да ,2,147,"Склонен/-на избегать конфликты и часто предпочитает не вступать в разговор, даже если слышит ошибочную точку зрения"
Иногда,1,147,Реакция зависит от конкретной ситуации. Может выбирать между вступлением в разговор и промолчать в зависимости от обстоятельств
Нет,0,147,"Обычно готов вступать в разговор и исправлять ошибочные точки зрения, даже если это может привести к конфликту"
Да ,2,148,Просьба о помощи в служебных или учебных вопросах часто вызывает досаду
Иногда,1,148,"Реакция зависит от конкретной ситуации и человека, что просит о помощи"
Нет,0,148,Готов/а оказать помощь при просьбе разобраться в служебных или учебных вопросах
Да ,2,149,Охотнее излагает свою точку зрения в письменной форме
Иногда,1,149,"Реакция зависит от конкретной ситуации, может иногда больше предпочитать письменный вид точки своего зрения"
Нет,0,149,Предпочитает излагать свою точку зрения устно
Согласен/Согласна (Всегда),4,150,"Всегда огорчается, когда видит, что незнакомый человек чувствует себя среди других людей одиноко"
Скорее согласен/Скорее согласна (Часто),3,150,"Часто огорчается, когда видит, что незнакомый человек чувствует себя среди других людей одиноко"
Скорее не согласен/Скорее не согласна (Редко),2,150,"Редко огорчается, видя, что незнакомый человек одинок"
Не согласен/Не согласна (Никогда),1,150,"Никогда не огорчается, если незнакомый человек чувствует себя одиноко среди других"
Согласен/Согласна (Всегда),1,151,"Всегда неприятно, когда люди не умеют сдерживаться и открыто проявляют свои чувства"
Скорее согласен/Скорее согласна (Часто),2,151,"Часто неприятно, когда люди не умеют сдерживаться и открыто проявляют свои чувства"
Скорее не согласен/Скорее не согласна (Редко),3,151,"Редко чувствует себя неприятно, когда люди открыто проявляют свои чувства"
Не согласен/Не согласна (Никогда),4,151,"Никогда не чувствует дискомфорт, если люди открыто выражают свои чувства"
Согласен/Согласна (Всегда),4,152,"Всегда начинает нервничать, когда кто-то рядом нервничает"
Скорее согласен/Скорее согласна (Часто),3,152,Часто начинает нервничать в таких ситуациях
Скорее не согласен/Скорее не согласна (Редко),2,152,"Редко начинает нервничать, если кто-то рядом нервничает"
Не согласен/Не согласна (Никогда),1,152,"Никогда не начинает нервничать, даже если кто-то рядом нервничает"
Согласен/Согласна (Всегда),1,153,Считает плач от счастья глупым
Скорее согласен/Скорее согласна (Часто),2,153,Часто считает плач от счастья глупым
Скорее не согласен/Скорее не согласна (Редко),3,153,Редко считает плач от счастья глупым
Не согласен/Не согласна (Никогда),4,153,Никогда не считает плач от счастья глупым
Согласен/Согласна (Всегда),4,154,Всегда принимает проблемы друзей близко к сердцу
Скорее согласен/Скорее согласна (Часто),3,154,Часто принимает проблемы друзей близко к сердцу
Скорее не согласен/Скорее не согласна (Редко),2,154,Редко принимает проблемы друзей близко к сердцу
Не согласен/Не согласна (Никогда),1,154,Никогда не принимает проблемы друзей близко к сердцу
Согласен/Согласна (Всегда),4,155,Всегда испытывает много чувств при прослушивании песен о любви
Скорее согласен/Скорее согласна (Часто),3,155,Часто испытывает много чувств при прослушивании песен о любви
Скорее не согласен/Скорее не согласна (Редко),2,155,Редко испытывает много чувств при прослушивании песен о любви
Не согласен/Не согласна (Никогда),1,155,Никогда не испытывает чувств при прослушивании песен о любви
Согласен/Согласна (Всегда),4,156,Всегда сильно волнуется при необходимости сообщить человеку неприятное известие
Скорее согласен/Скорее согласна (Часто),3,156,Часто сильно волнуется при необходимости сообщить человеку неприятное известие
Скорее не согласен/Скорее не согласна (Редко),2,156,Редко сильно волнуется при необходимости сообщить человеку неприятное известие
Не согласен/Не согласна (Никогда),1,156,Никогда не волнуется при необходимости сообщить человеку неприятное известие
Согласен/Согласна (Всегда),4,157,Настроение всегда очень сильно зависит от окружающих людей
Скорее согласен/Скорее согласна (Часто),3,157,Настроение часто зависит от окружающих людей
Скорее не согласен/Скорее не согласна (Редко),2,157,Настроение редко зависит от окружающих людей
Не согласен/Не согласна (Никогда),1,157,Настроение никогда не зависит от окружающих людей
Согласен/Согласна (Всегда),4,158,"Хочет получить профессию, связанную с общением с людьми и это его/ее главное желание"
Скорее согласен/Скорее согласна (Часто),3,158,"Часто размышляет о профессии, связанной с общением с людьми"
Скорее не согласен/Скорее не согласна (Редко),2,158,"Редко думает о профессии, связанной с общением с людьми"
Не согласен/Не согласна (Никогда),1,158,"Никогда не хотел/а бы получить профессию, связанную с общением с людьми"
Согласен/Согласна (Всегда),4,159,"Очень нравится наблюдать, как люди принимают подарки, и это приносит ему большое удовольствие"
Скорее согласен/Скорее согласна (Часто),3,159,"Часто наслаждается наблюдением, как люди принимают подарки"
Скорее не согласен/Скорее не согласна (Редко),2,159,"Редко находит удовольствие в наблюдении, как люди принимают подарки"
Не согласен/Не согласна (Никогда),1,159,"Совершенно не интересно наблюдать, как другие люди принимают подарки, и это не приносит ему/ей радости"
Согласен/Согласна (Всегда),4,160,"Всегда расстраивается, когда видит плачущего человека, это сильно влияет на его/ее эмоциональное состояние"
Скорее согласен/Скорее согласна (Часто),3,160,"Часто, но не всегда, вид плачущего человека вызывает грусть"
Скорее не согласен/Скорее не согласна (Редко),2,160,"Редко расстраивается, когда видит плачущего человека, это происходит нечасто"
Не согласен/Не согласна (Никогда),1,160,Вид плачущего человека не влияет на эмоциональное состояние
Согласен/Согласна (Всегда),4,161,"Всегда чувствует себя счастливым/-ой, слушая некоторые песни"
Скорее согласен/Скорее согласна (Часто),3,161,"Часто, но не всегда, слушая некоторые песни, испытывает счастье"
Скорее не согласен/Скорее не согласна (Редко),2,161,"Редко чувствует себя счастливым/-ой, слушая песни"
Не согласен/Не согласна (Никогда),1,161,"Никогда не чувствует себя счастливым/-ой, слушая песни"
Согласен/Согласна (Всегда),4,162,Всегда переживает происходящее в книге как настоящее
Скорее согласен/Скорее согласна (Часто),3,162,Часто переживает события из книги как настоящие
Скорее не согласен/Скорее не согласна (Редко),2,162,Редко переживает происходящее в книге как настоящее
Не согласен/Не согласна (Никогда),1,162,Никогда не переживает события из книги как настоящие
Согласен/Согласна (Всегда),4,163,"Всегда сердится, когда видит, что с кем-то плохо обращаются"
Скорее согласен/Скорее согласна (Часто),3,163,"Часто сердится в ситуациях, когда с кем-то плохо обращаются"
Скорее не согласен/Скорее не согласна (Редко),2,163,"Редко сердится из-за того, что с кем-то плохо обращаются"
Не согласен/Не согласна (Никогда),1,163,Никогда не сердится в ситуациях когда с кем-то плохо обращаются
Согласен/Согласна (Всегда),1,164,"Всегда остается спокойным, даже если все вокруг волнуются"
Скорее согласен/Скорее согласна (Часто),2,164,Часто остается спокойным в подобных ситуациях
Скорее не согласен/Скорее не согласна (Редко),3,164,"Редко остается спокойным, когда все вокруг волнуются"
Не согласен/Не согласна (Никогда),4,164,"Начинает переживать и волноваться, когда  в окружении кто-то нервничает"
Согласен/Согласна (Всегда),1,165,"Всегда испытывает дискомфорт, когда в кинотеатре вздыхают и плачут"
Скорее согласен/Скорее согласна (Часто),2,165,"Часто неприятно, когда другие люди при просмотре кинофильма вздыхают и плачут"
Скорее не согласен/Скорее не согласна (Редко),3,165,"Редко испытывает дискомфорт, если люди в кинотеатре вздыхают и плачут"
Не согласен/Не согласна (Никогда),4,165,"Не обращает внимания, если люди в кинотеатре начинают вздыхать и плакать"
Согласен/Согласна (Всегда),1,166,"Принимает решения, не обращая внимания на отношение других людей"
Скорее согласен/Скорее согласна (Часто),2,166,"Часто принимает решения, не обращая внимания на отношение других людей"
Скорее не согласен/Скорее не согласна (Редко),3,166,"Редко принимает решения, не обращая внимания на отношение других людей"
Не согласен/Не согласна (Никогда),4,166,"Принимает решение только после того, как обратит внимание на отношение других людей"
Согласен/Согласна (Всегда),4,167,"Теряет душевное спокойствие, когда окружающие чем-то угнетены"
Скорее согласен/Скорее согласна (Часто),3,167,"Часто теряет душевное спокойствие, когда окружающие чем-то угнетены"
Скорее не согласен/Скорее не согласна (Редко),2,167,"Редко теряет душевное спокойствие, когда окружающие чем-то угнетены"
Не согласен/Не согласна (Никогда),1,167,"Никогда не теряет душевное спокойствие, когда окружающие чем-то угнетены"
Согласен/Согласна (Всегда),4,168,"Всегда переживает, если видит чувствительных людей"
Скорее согласен/Скорее согласна (Часто),3,168,"Часто переживает, если видит чувствительных людей"
Скорее не согласен/Скорее не согласна (Редко),2,168,"Редко переживает, если видит чувствительных людей"
Не согласен/Не согласна (Никогда),1,168,"Не переживает, если видит чувствительных людей"
Согласен/Согласна (Всегда),4,169,Всегда расстраивается если видит страдания животных
Скорее согласен/Скорее согласна (Часто),3,169,Часто расстраивает если видит страдания животных
Скорее не согласен/Скорее не согласна (Редко),2,169,Редко расстраивается если видит страдания животных
Не согласен/Не согласна (Никогда),1,169,Никогда не расстраивается из-за страдания 
Согласен/Согласна (Всегда),1,170,"Считает, глупым переживать по поводу того, что происходит в кино или о чем читаешь в книге"
Скорее согласен/Скорее согласна (Часто),2,170,"Часто считает, глупым переживать по поводу того, что происходит в кино или о чем читаешь в книге"
Скорее не согласен/Скорее не согласна (Редко),3,170,"Иногда может переживать по поводу того, что происходит в кино или о чем читаешь в книге"
Не согласен/Не согласна (Никогда),4,170,"Переживает по поводу того, что происходит в кино или о чем читаешь в книге"
Согласен/Согласна (Всегда),4,171,"Всегда очень расстраивается, когда видит беспомощных стариков"
Скорее согласен/Скорее согласна (Часто),3,171,"Часто очень расстраивается, когда видит беспомощных стариков"
Скорее не согласен/Скорее не согласна (Редко),2,171,"Редко расстраивается, когда видит беспомощных стариков"
Не согласен/Не согласна (Никогда),1,171,"Никогда не расстраивается, когда видит беспомощных стариков"
Согласен/Согласна (Всегда),4,172,"Всегда очень сильно переживает, когда смотрит фильм"
Скорее согласен/Скорее согласна (Часто),3,172,"Часто сильно переживает, когда смотрит фильм"
Скорее не согласен/Скорее не согласна (Редко),2,172,Редко переживает когда смотрит фильм
Не согласен/Не согласна (Никогда),1,172,Никогда не переживает при просмотре фильма
Согласен/Согласна (Всегда),1,173,Всегда может оставаться равнодушным к волнению вокруг
Скорее согласен/Скорее согласна (Часто),2,173,Часто может оставаться равнодушным к волнению вокруг
Скорее не согласен/Скорее не согласна (Редко),3,173,Редко остается равнодушным к волнению вокруг
Не согласен/Не согласна (Никогда),4,173,Не может оставаться равнодушным к волнению вокруг
Согласен/Согласна (Всегда),1,174,Маленькие дети всегда плачут без причины
Скорее согласен/Скорее согласна (Часто),2,174,Маленькие дети часто плачут без причины
Скорее не согласен/Скорее не согласна (Редко),3,174,Маленькие дети редко плачут без причины
Не согласен/Не согласна (Никогда),4,174,Маленькие дети никогда не плачут без причины
Верно,0,175,Подражать привычкам других людей трудно
Не верно,1,175,Подражать привычкам других людей не трудно
Верно,1,176,"Готов/а повалять дурака, чтобы привлечь внимание или позабавить окружающих"
Не верно,0,176,Не готов/а валять дурака ради привлечения внимания или развлечения окружающих
Верно,1,177,Мог/-ла бы быть неплохим/-ой актером/актрисой
Не верно,0,177,"Не считает, что у него/нее есть актерские способности или интерес к актерской деятельности"
Верно,1,178,"Несмотря на то, что другим кажется, будто глубина переживаний преувеличена, это не так"
Не верно,0,178,Другие люди редко/никогда не имеют такого впечатления
Верно,0,179,Редко оказывается в центре внимания
Не верно,1,179,Часто оказывается в центре внимания
Верно,1,180,"В разных ситуациях и в общении с разными людьми, часто ведет себя совершенно по-разному"
Не верно,0,180,"В разных ситуациях и в общении с разными людьми, ведет себя схожим образом"
Верно,0,181,"Готов/а отстаивать только то, во что искренне верит"
Не верно,1,181,"Может отстаивать позиции, даже если он в них не искренне убежден/а"
Верно,1,182,"Старается соответствовать ожиданиям других, чтобы преуспеть и поддерживать отношения с окружающими"
Не верно,0,182,Не стремится изменять себя под ожидания окружающих и предпочитает оставаться верным себе
Верно,1,183,"Способен/-бна поддерживать дружелюбные отношения с людьми, даже если у него/нее есть негативные чувства к ним"
Не верно,0,183,"Склонен/-на избегать дружеских отношений с людьми, которых он не выносит, и предпочитает сохранять дистанцию"
Верно,1,184,В разных ситуациях и перед разными людьми может вести себя по-разному и не всегда соответствует своему общему облику
Не верно,0,184,"Склонен/-на считать, что он всегда остается таким, каким представляется другим, и не меняет свое поведение в зависимости от обстоятельств"
а) Да,0,185,Расстроиться если его/ее интересную не поддержат
б) Нет,2,185,"Не расстроится, если его/ее идею не поддержат"
"а) Чтобы участвовали только те, кто хорошо играет",0,186,Предпочитает играть с опытными игроками
"б) Чтобы играли и те, кто еще не знает правил",2,186,"Готов/а играть с людьми, даже если они не знакомы с правилами игры"
а) Да,0,187,Спокойно воспримет неприятную новость
б) Нет,2,187,"Не спокойно воспримет неприятную новость, будет волноваться или расстроиться"
"а) Если они не переступают допустимых границ,
меня это вообще не интересует",2,188,"Равнодушен/-на к тому, появляются ли люди нетрезвыми в общественных местах, если они не превышают приемлемые нормы поведения"
"б) Мне всегда были неприятны люди, которые не
умеют себя контролировать",0,188,"Всегда с раздражением воспринимает людей, которые не могут сдерживать себя и свое поведение в общественных местах"
а) Мне трудно было бы это сделать,0,189,"Испытывает трудности в установлении контакта с людьми, у которых с ним/ней отличается профессия, положение или обычаи"
б) Я не обращаю внимания на такие вещи,2,189,"Легко находит контакт с людьми, даже если их профессия, положение или обычаи отличаются от его собственных"
"а) Если даже шутка и будет мне неприятна, я постараюсь ответить в такой же манере",0,190,Попытается ответить на шутку таким же образом
"б) Мне не нравятся ни сами шутки, ни шутники",2,190,Не любит такие шутки и когда становится объектом таких шуток
а) Да,0,191,"Согласен/-на с мнением, что многие люди не на своем месте и делают не свое дело"
б) Нет,2,191,"Не согласен/-на с мнением, что многие люди не на своем месте и делают не свое дело"
"а) Мне, честно говоря, неприятно, что таким образом внимание отвлечено от меня",0,192,"Чувствует неприятность, когда внимание переключается на приведенного/-ую друга /подругу в компании"
б) Я лишь порадуюсь за него/нее,2,192,"Радуется за друга/подругу, когда он/она становится центром внимания в компании"
а) Уходите пораньше под благовидным предлогом,2,193,"Предпочитает избежать спора и уйти раньше, чтобы избежать конфликта с пожилым человеком"
б) Вступаете в спор,0,193,"Готов/а вступить в спор с пожилым человеком, чтобы защитить современное молодое поколение/выразить свою точку зрения"
Да,0,194,Трудяга
Нет,1,194,
Да,1,195,
Нет,0,195,
Да,0,196,Тёплые руки
Нет,1,196,Холодные руки
Да,0,197,Голова
Нет,1,197,
Да,0,198,Уверенность
Нет,1,198,
Да,1,199,Нетерпеливый
Нет,0,199,
Да,1,200,
Нет,0,200,
Да,0,201,
Нет,1,201,
Да,1,202,
Нет,0,202,
Да,1,203,
Нет,0,203,
Да,1,204,Желудок
Нет,0,204,
Да,1,205,
Нет,0,205,
Да,1,206,
Нет,0,206,
Да,0,207,Уверенность
Нет,1,207,Стеснительный
Да,1,208,
Нет,0,208,
Да,0,209,
Нет,1,209,
Да,0,210,
Нет,1,210,
Да,1,211,
Нет,0,211,
Да,0,212,
Нет,1,212,
Да,0,213,
Нет,1,213,
Да,1,214,
Нет,0,214,
Да,0,215,
Нет,1,215,
Да,1,216,Кошмары
Нет,0,216,
Да,1,217,Серьзность
Нет,0,217,
Да,1,218,
Нет,0,218,
Да,1,219,
Нет,0,219,
Да,0,220,
Нет,1,220,
Да,1,221,Чувствительность
Нет,0,221,
Да,0,222,
Нет,1,222,
Да,1,223,
Нет,0,223,
Да,1,224,Желудок
Нет,0,224,
Да,1,225,
Нет,0,225,
Да,1,226,
Нет,0,226,
Да,1,227,
Нет,0,227,
Да,1,228,
Нет,0,228,
Да,1,229,
Нет,0,229,
Да,1,230,
Нет,0,230,
Да,1,231,Желудок
Нет,0,231,
Да,0,232,Пунктуальность
Нет,1,232,
Да,1,233,
Нет,0,233,
Да,0,234,
Нет,1,234,
Да,1,235,
Нет,0,235,
Да,0,236,
Нет,1,236,
Да,1,237,
Нет,0,237,
Да,1,238,
Нет,0,238,
Да,1,239,
Нет,0,239,
Да,1,240,
Нет,0,240,
Да,1,241,
Нет,0,241,
Да,1,242,Неверенный
Нет,0,242,Уверенный
Да,1,243,
Нет,0,243,
Да,0,244,
Нет,1,244,
Да,0,245,
Нет,1,245,Желудок
Да,1,246,
Нет,0,246,
Да,1,247,
Нет,0,247,
Да,1,248,
Нет,0,248,
Да,1,249,
Нет,0,249,
Нет,0,250,
Нет,1,250,
Да,0,251,
Нет,1,251,
Да,0,252,
Нет,1,252,
Да,1,253,
Нет,0,253,
Да,1,254,
Нет,0,254,
Да,1,255,
Нет,0,255,
Да,1,256,
Нет,0,256,
Да,1,257,
Нет,0,257,
Да,1,258,
Нет,0,258,
Да,1,259,
Нет,0,259,
Да,1,260,
Нет,0,260,
Да,1,261,
Нет,0,261,
Да,1,262,
Нет,0,262,
Да,1,263,
Нет,0,263,
Да,1,264,
Нет,0,264,
Да,1,265,
Нет,0,265,
Да,1,266,
Нет,0,266,
Да,1,267,
Нет,0,267,
Да,1,268,
Нет,0,268,
Да,1,269,
Нет,0,269,
Да,1,270,
Нет,0,270,
Да,1,271,
Нет,0,271,
Да,1,272,
Нет,0,272,
Да,1,273,
Нет,0,273,
Да,1,274,
Нет,0,274,
Да,1,275,
Нет,0,275,
Да,1,276,
Нет,0,276,
Да,1,277,
Нет,0,277,
Да,1,278,
Нет,0,278,
Да,1,279,Чувствительность
Нет,0,279,
Да,1,280,
Нет,0,280,
Да,1,281,
Нет,0,281,
Да,1,282,
Нет,0,282,
Да,1,283,
Нет,0,283,
Да,1,284,
Нет,0,284,
Да,1,285,
Нет,0,285,
Да,1,286,
Нет,0,286,
Да,1,287,
Нет,0,287,
Да,1,288,
Нет,0,288,
Да,1,289,
Нет,0,289,
Да,1,290,
Нет,0,290,
Да,1,291,
Нет,0,291,
Да,1,292,
Нет,0,292,Планировщик
Да,1,293,
Нет,0,293,
Да,1,294,
Нет,0,294,
Да,1,295,
Нет,0,295,
Да,1,296,
Нет,0,296,
Да,1,297,
Нет,0,297,
Да,1,298,Перфекционист
Нет,0,298,
Да,1,299,
Нет,0,299,
Да,1,300,
Нет,0,300,
Да,1,301,
Нет,0,301,
Да,1,302,
Нет,0,302,
Да,1,303,
Нет,0,303,
Да,1,384,"Ищет новые впечатления и сильные ощущения, чтобы отвлечься"
Нет,0,384,Предпочитает стабильность и покой
Да,1,385,Ищет поддержку и понимание в друзьях
Нет,0,385,Не считает необходимым постоянно зависеть от друзей для поддержки
Да,1,386,Считает себя беззаботным
Нет,0,386,Не считает себя беззаботным
Да,1,387,Трудно отказывается от своих намерений
Нет,0,387,Легко меняет свои намерения при необходимости
Да,0,388,Предпочитает обдумывать дела и действовать не спеша
Нет,1,388,Склонен/-на к быстрым решениям и действиям
Да,1,389,"Всегда сдерживает свои обещания, даже если это невыгодно"
Нет,0,389,"Может не сдержать обещание, если оно становится невыгодным"
Да,1,390,Бывают спады и подъемы настроения
Нет,0,390,Настроение обычно стабильное
Да,1,391,"Быстро действует и говорит, на обдумывание уходит мало времени"
Нет,0,391,Предпочитает обдумывать действия и слова перед выполнением
Да,1,392,Периодически испытывал/а несчастье без серьезной причины
Нет,0,392,Не испытывал/а несчастья без серьезной причины
Да,1,393,Готов/а пойти на все ради спора
Нет,0,393,Не готов/а идти на все ради спора
Да,1,394,Чувствует смущение при знакомстве с привлекательным человеком противоположного пола
Нет,0,394,Не испытывает смущения при знакомстве с привлекательным человеком противоположного пола
Да,0,395,"Разозлившись, выходит из себя"
Нет,1,395,Не выходит из себя из-за злости
Да,1,396,Действует необдуманно под влиянием момента
Нет,0,396,Редко действует необдуманно под влиянием момента
Да,1,397,"Часто беспокоят мысли о том, что не следовало что-то делать или говорить"
Нет,0,397,Редко беспокоят мысли о нежелательных действиях или словах
Да,0,398,Предпочитает чтение книг больше чем встречи с людьми
Нет,1,398,Предпочитает встречи с людьми больше чем чтение книг
Да,1,399,Легко задеть
Нет,0,399,Трудно задеть
Да,1,400,Любит часто бывать в компании
Нет,0,400,Предпочитает не очень часто бывать в компании
Да,0,401,"Иногда возникают мысли, которыми не хотелось бы делиться с другими"
Нет,1,401,"Не возникает таких мыслей, которыми не хотелось бы делиться"
Да,1,402,Иногда бывают периоды с повышенной энергией и периоды вялости
Нет,0,402,Отсутствуют яркие колебания в энергии
Да,0,403,Старается ограничить круг знакомых небольшим количеством самых близких людей
Нет,1,403,Не пытается ограничивать круг своего общения
Да,1,404,Много мечтает
Нет,0,404,Мечтает не часто
Да,1,405,"Когда кто-то кричит, отвечает тем же"
Нет,0,405,"Не повышает голос в случае, если его повысил другой человек"
Да,1,406,"Есть только те привычки, которые являются хорошими и желательными"
Нет,0,406,"Признает, что есть привычки, которые не всегда хороши и желательны"
Да,1,407,Часто терзает чувство вины
Нет,0,407,Чувство вины приходит не очень часто
Да,1,408,Способен/-на дать волю чувствам и весело провести время в шумной компании
Нет,0,408,"Нет привычки давать волю чувствам, предпочитает более сдержанные встречи в компании"
Да,1,409,"Часто, нервы остаются напряжены до предела"
Нет,0,409,Редко когда нервы напряжены до предела
Да,1,410,
Нет,0,410,
Да,1,411,"Часто возвращается к делу и думает, что мог/ла бы сделать лучше"
Нет,0,411,"Редко возвращается к делу и думает, что мог/ла бы сделать лучше"
Да,0,412,Чувствует себя неспокойно в большой компании
Нет,1,412,В большой компании чувствует себя спокойно
Да,0,413,Иногда сплетничает
Нет,1,413,Никогда не сплетничает
Да,1,414,Сон бывает неспокойным из-за ночных мыслей
Нет,0,414,"Спит спокойно, без посторонних мыслей"
Да,0,415,Предпочитает узнавать об интересной теме из книг
Нет,1,415,Предпочитает узнавать об интересной теме от друзей
Да,1,416,Бывает сильное сердцебиение
Нет,0,416,Не бывает сильное сердцебиение
Да,0,417,"Нравится работа, которая требует пристального внимания"
Нет,1,417,"Предпочитает работу, где пристальное внимание не обязательное"
Да,1,418,Бывают приступы дрожи
Нет,0,418,Не бывает приступов дрожи
Да,1,419,Всегда говорит о знакомых только хорошее
Нет,0,419,"Может иногда сказать что-то плохое о своих знакомых, но только если знает что они об этом не узнают"
Да,0,420,Неприятно находиться в компании с постоянными подшучиваниями
Нет,1,420,Приятно находиться в компании с постоянными подшучиваниями
Да,1,421,Раздражительный/-ая
Нет,0,421,Не раздражительный/-ая
Да,1,422,"Нравится работа, которая требует быстроты действий"
Нет,0,422,Предпочитает неспешную работу
Да,1,423,Беспокоится о возможных неприятностях
Нет,0,423,Не задумывается о возможных неприятностях
Да,0,424,Нетороплив/а в движениях
Нет,1,424,Быстр/а в движениях
Да,0,425,"Бывали дни, когда опаздывал/а на свидание/работу"
Нет,1,425,Никогда не опаздывал/а на свидание/работу
Да,1,426,Часто снятся кошмары
Нет,0,426,Редко снятся кошмары
Да,1,427,Любит беседовать с незнакомцами
Нет,0,427,Не стремится беседовать с незнакомыми людьми
Да,1,428,
Нет,0,428,
Да,1,429,Огорчает долгое расставание с друзьями
Нет,0,429,Не огорчает долгое расставание с друзьями
Да,1,430,Нервный человек
Нет,0,430,Спокойный человек
Да,0,431,
Нет,1,431,
Да,1,432,Уверенный человек
Нет,0,432,Неуверенный человек
Да,1,433,Легко задевает критика
Нет,0,433,Не беспокоится о критике
Да,0,434,С трудом получает удовольствие от многолюдных мероприятий
Нет,1,434,Получает удовольствие от многолюдных мероприятий
Да,1,435,
Нет,0,435,
Да,1,436,Способен/-на внести оживление в скучную компанию
Нет,0,436,Не способен/-на внести оживление в скучную компанию
Да,0,437,"Иногда говорит о вещах, в которых не разбирается"
Нет,1,437,"Никогда не говорит о вещах, в которых не разбирается"
Да,1,438,Беспокоится о своем здоровье
Нет,0,438,Не беспокоится о своем здоровье
Да,0,439,Любит подшутить над другими
Нет,1,439,Не любит шутить над другими
Да,1,440,Страдает бессонницей
Нет,0,440,Имеет хороший сон
Да,5,441,Был/а хорошим учеником
Нет,0,441,Не был/а хорошим учеником
Да,0,442,Верит в ценность образования
Нет,5,442,Сомневается в ценности образования
Да,5,443,Сомневается в нравственных нормах
Нет,0,443,Считает нравственные нормы важными
Да,0,444,Склонен/-на к привязке к мелким предметам
Нет,5,444,Не привязывается к мелочам
Да,5,445,Родители были суровыми и требовательными
Нет,0,445,Родители не были суровыми и требовательными
Да,5,446,"Считает, что успех требует мучений и труда"
Нет,0,446,"Не считает, что успех должен быть достигнут мучениями"
Да,0,447,Считает себя человеком с принципами
Нет,5,447,Не считает себя принципиальным/-ой
Да,0,448,Легко теряет контроль над собой
Нет,5,448,С трудом может потерять над собой контроль
Да,5,449,Часто хочет жить «сегодняшним днем»
Нет,0,449,"Проявляет осторожность, избегая жизни «сегодняшним днем»"
Да,5,450,Пунктуален/-на
Нет,0,450,Не пунктуален/-на
Да,5,451,Готов/а рисковать для достижения цели
Нет,0,451,Не готов/а идти на риски для достижения цели
"а) Позвоните ему и извинитесь, что не можете выполнить его просьбу",5,452,Исполнительный/-ая и ответственный/-ая
"б) Будете считать, что болезнь освобождает вас от обязательств",0,452,Склонен/-на искать оправдания
в) Попросите помочь исполнить просьбу кого-нибудь еще,0,452,Коммуникабельный/ая и готов привлечь других для помощи
"а) Стараетесь убедить его в том, что он плохо поступает, и помогаете ему в разрешении его проблемы",5,453,Проявляет сочувствие и готов помочь другу измениться
б) Вообще не реагируете,0,453,Не проявляет активного интереса к личным делам друга
"в) Доверительно передаете свои сведения лицам, которые бы повлияли на него",0,453,Склонен/-на к нарушению доверия и сбережению тайн
а) Красоту,0,454,Ценит внешний облик
б) Лояльность и уравновешенность,5,454,Придает важность стабильности и спокойствию в общении
в) Симпатичную манеру поведения,0,454,Обращает внимание на коммуникативные навыки и общительность
а) Всегда,1,455,Активно ищет пути к примирению после конфликта
б) Иногда,2,455,Время от времени ищет пути к примирению после конфликта
в) Никогда,3,455,Никогда не ищет пути к примирению после конфликта
а) Внутренне  кипите ,1,456,Остается спокойным и собранным в критических ситуациях
б) Сохраняете полное спокойствие,2,456,Остается спокойным и собранным в критических ситуациях
в) Теряете самообладание,3,456,Теряет самообладание в критических ситуациях
а) Самоуверенным и завистливым,1,457,"Коллеги могут воспринимать его/ее как человека, проявляющего уверенность и завистливость"
б) Дружелюбным,2,457,Коллеги видят его/ее как дружелюбного человека
в) Спокойным и не завистливым,3,457,Коллеги оценивают его/ее как спокойного человека
а) Примите ее с некоторыми опасениями,1,458,"Принимает ответственность, но с осторожностью и сомнениями"
б) Согласитесь без колебаний,2,458,Без колебаний соглашается на ответственную должность.
в) Откажетесь от нее ради собственного спокойствия,3,458,Отказывается от должности во имя личного спокойствия
а) Выдадите ему по первое число,1,459,Реагирует агрессивно и негативно на нарушение личного пространства
б) Заставите вернуть,2,459,"Настаивает на возвращении вещи, выражая свою уверенность и требовательность"
"в) Спросите, не нужно ли ему ещё что-нибудь",3,459,Реагирует более лояльно и предлагает дополнительную помощь или поддержку
а) Что это тебя так задержало?,1,460,"Проявляет беспокойство и возможно, недовольство на опоздание"
б) Где ты торчишь допоздна?,2,460,Выражает недовольство и строгость на опоздание
в) Я уже начал/а волноваться,3,460,Выражает беспокойство и понимание ситуации при опоздании
"а) Стараетесь обогнать машину, которая показала вам хвост",1,461,Склонен/-на к соревнованиям на дороге и стремится обогнать другие автомобили
б) Вам все равно сколько машин вас обошло,2,461,Равнодушен/-на к действиям других водителей на дороге
"в) Помчитесь с такой скоростью, чтобы никто не догнал вас",3,461,Склонен/-на к агрессивному стилю вождения и стремится оставаться впереди других
а) Сбалансированными,1,462,Считает свои планы на жизнь сбалансированными и разумными
б) Легкомысленными,2,462,Считает свои планы на жизнь недостаточно серьезными и может принимать решения наобум
в) Крайне серьёзными,3,462,Считает свои планы на жизнь очень серьезными и важными
а) Пытаетесь свалить вину на другого,1,463,Склонен/-на перекладывать ответственность на других
б) Смиритесь,2,463,Принимает неудачи как часть жизни и учится смирению
в) Становитесь впредь осторожнее,3,463,Обращает внимание на свои ошибки и старается избегать их в будущем
а) Пора бы уже запретить им такие развлечения,1,464,Склонность к более строгому контролю и регулированию по отношению к молодежи
б) Надо создать им возможность организованно и культурно отдыхать,2,464,Поддерживает идею организованного и культурного досуга
в) И чего мы столько с ними возимся,3,464,Выражает недоумение по поводу проблемы распущенности среди молодежи
а) И зачем я только нервы на это тратил?,1,465,Реагирует с разочарованием и раздражением на неудачу.
"б) Видно, его физиономия шефу приятнее",2,465,Находит объяснение неудачи во внешних факторах и чужом влиянии
"в) Может быть, мне это удастся в другой раз",3,465,Сохраняет оптимизм и надежду на будущие возможности
а) Боитесь,1,466,Испытывает страх при просмотре страшного фильма
б) Скучаете,2,466,Скучает и не находит интереса в просмотре страшных фильмов
в) Получаете искреннее удовольствие,3,466,Наслаждается просмотром страшных фильмов и получает от этого удовольствие
а) Будете нервничать во время заседания,1,467,Проявляет нервозность и стресс при опоздании
б) Попытаетесь вызвать снисходительность деловых партнеров,2,467,Проявляет инициативу и стремится разрешить проблему с партнерами при своем опоздании
в) Огорчитесь,3,467,Реагирует негативно и разочаровано на ситуацию с опозданием
а) Обязательно стараетесь выиграть,1,468,Нацелен/а на победу и успех в спорте
б) Цените удовольствие почувствовать себя вновь молодым,2,468,Наслаждается физической активностью и чувством молодости
в) Очень сердитесь если не везёт,3,468,Реагирует на неудачи в спорте с сильным раздражением и негодованием
а) Стерпите избегая скандала,1,469,Склонен/-на к терпимости и избеганию конфликтов
б) Вызовите официанта и сделаете ему замечание,2,469,Активно реагирует на плохое обслуживание и выражает недовольство
в) Отправитесь с жалобой к директору ресторана,3,469,"Готов/а принимать серьезные меры и идти выше, чтобы решить проблему обслуживания"
а) Поговорите с учителем,1,470,Предпочитает решать проблему общением и сотрудничеством с учителем
б) Устроите скандал родителям малолетнего преступника,2,470,Склонен/-на к конфликтному и агрессивному подходу в защите своего ребенка
в) Посоветуете ребенку дать сдачи,3,470,Нацелен/а на обучении ребенка возможным способам отстаивания своих границ
а) Средний,1,471,"Оценивает себя как обычного человека, без ярко выраженных особенностей"
б) Самоуверенный,2,471,Имеет высокую уверенность в себе и своих способностях
в) Упрямый,3,471,Склонен/-на к упорству и независимости в своих убеждениях и решениях
"а) Простите, это моя вина",1,472,Склонен/-на к самокритике и готов/а принять на себя ответственность
б) Ничего пустяк,2,472,Относится к случайным столкновениям без особого волнения и драматизма
в) А повнимательней вы быть не можете?,3,472,Склонен/-на к критике и проявляет недовольство в ситуациях со случайным столкновением
"а) Когда же, наконец, будут приняты конкретные меры?",1,473,Был/а бы беспокоен/а ситуацией случаев хулиганства и требовал/а бы активных действий
б) Надо бы ввести телесные наказания,2,473,Склонен/-на к жестким мерам в отношении хулиганов
в) Нельзя всё валить на молодежь виноваты и воспитатели,3,473,"Считает, что проблемы хулиганства требуют комплексного подхода и не винит только молодежь"
а) Тигр или леопард,1,474,"Склонен/-на к сильным и дерзким чертам характера, стремится к могуществу"
б) Домашняя кошка,2,474,"Предпочитает комфорт и независимость, но не стремится к агрессии"
в) Медведь,3,474,Чувствует себя уверенно в собственной силе и может быть внушителен/-ой
Да,1,304,
Нет,0,304,
Да,1,305,Любопытство
Нет,0,305,
Да,1,306,
Нет,0,306,
Да,1,307,
Нет,0,307,
Да,1,308,Интуиция
Нет,0,308,
Да,0,309,
Нет,1,309,
Да,1,310,
Нет,0,310,
Да,0,311,
Нет,1,311,
Да,1,312,
Нет,0,312,
Да,0,313,
Нет,1,313,Любопыттство
Да,1,314,
Нет,0,314,
Да,1,315,Фантазёр
Нет,0,315,
Да,0,316,
Нет,1,316,Интуиция
Да,1,317,
Нет,0,317,
Да,1,318,
Нет,0,318,
Да,1,319,
Нет,0,319,
Да,0,320,
Нет,1,320,
Да,1,321,
Нет,0,321,
Да,1,322,Редкое увлечение
Нет,0,322,
Да,1,323,
Нет,0,323,
Да,1,324,Интуиция
Нет,0,324,
Да,0,325,
Нет,1,325,
Да,1,326,
Нет,0,326,
Да,1,327,
Нет,0,327,
Да,1,328,
Нет,0,328,
Да,1,329,
Нет,0,329,
Да,0,330,
Нет,1,330,
Да,1,331,Мечтатель
Нет,0,331,
Да,0,332,
Нет,1,332,Полагаеться на интуиция
Да,1,333,
Нет,0,333,
Да,0,334,Комик
Нет,1,334,
Да,0,335,
Нет,1,335,
Да,1,336,Стратег
Нет,0,336,
Да,1,337,Исслеователь
Нет,0,337,
Да,1,338,
Нет,0,338,
Да,1,339,
Нет,0,339,
Да,1,340,
Нет,0,340,
Да,1,341,
Нет,0,341,
Да,1,342,Комик
Нет,0,342,
Да,1,343,
Нет,0,343,
Да,0,344,
Нет,1,344,
Да,1,345,Исследователь
Нет,0,345,
Да,1,346,
Нет,0,346,
Да,0,347,
Нет,1,347,
Да,1,348,
Нет,0,348,
Да,1,349,
Нет,0,349,
Да,1,350,Комик
Нет,0,350,
Да,1,351,Трудяга
Нет,0,351,
Да,1,352,
Нет,0,352,
Да,1,353,Исследователь
Нет,0,353,
Да,1,354,
Нет,0,354,
Да,1,355,Сказочник
Нет,0,355,
Да,1,356,
Нет,0,356,
Да,1,357,
Нет,0,357,
Да,0,358,
Нет,1,358,
Да,1,359,
Нет,0,359,
Да,1,360,
Нет,0,360,
Да,1,361,Любопытство
Нет,0,361,
Да,1,362,
Нет,0,362,
Да,1,363,Мечтатель
Нет,0,363,
Да,0,364,
Нет,1,364,
Да,1,365,
Нет,0,365,
Да,1,366,Остроумный
Нет,0,366,
Да,0,367,
Нет,1,367,
Да,1,368,
Нет,0,368,
Да,1,369,
Нет,0,369,
Да,0,370,
Нет,1,370,
Да,1,371,Поэт
Нет,0,371,
Да,0,372,
Нет,1,372,
Да,0,373,
Нет,1,373,
Да,0,374,
Нет,1,374,Комик
Да,1,375,
Нет,0,375,
Да,1,376,
Нет,0,376,
Да,1,377,
Нет,0,377,
Да,1,378,
Нет,0,378,
Да,0,379,
Нет,1,379,
Да,1,380,Интуиция
Нет,0,380,
Да,1,381,
Нет,0,381,
Да,1,382,
Нет,0,382,
Да,1,383,
Нет,0,383,
Не согласен/на,1,475,
Частично не согласен/на,2,475,
Затрудняюсь ответить ,3,475,
Частично согласен/на,4,475,
Согласен/на,5,475,
Не согласен/на,-1,476,
Частично не согласен/на,-2,476,
Затрудняюсь ответить ,-3,476,
Частично согласен/на,-4,476,
Согласен/на,-5,476,
Не согласен/на,1,477,
Частично не согласен/на,2,477,
Затрудняюсь ответить ,3,477,
Частично согласен/на,4,477,
Согласен/на,5,477,
Не согласен/на,1,478,
Частично не согласен/на,2,478,
Затрудняюсь ответить ,3,478,
Частично согласен/на,4,478,
Согласен/на,5,478,
Не согласен/на,-1,479,
Частично не согласен/на,-2,479,
Затрудняюсь ответить ,-3,479,
Частично согласен/на,-4,479,
Согласен/на,-5,479,
Не согласен/на,1,480,
Частично не согласен/на,2,480,
Затрудняюсь ответить ,3,480,
Частично согласен/на,4,480,
Согласен/на,5,480,
Не согласен/на,-1,481,
Частично не согласен/на,-2,481,
Затрудняюсь ответить ,-3,481,
Частично согласен/на,-4,481,
Согласен/на,-5,481,
Не согласен/на,1,482,
Частично не согласен/на,2,482,
Затрудняюсь ответить ,3,482,
Частично согласен/на,4,482,
Согласен/на,5,482,
Не согласен/на,1,483,
Частично не согласен/на,2,483,
Затрудняюсь ответить ,3,483,
Частично согласен/на,4,483,
Согласен/на,5,483,
Не согласен/на,-1,484,
Частично не согласен/на,-2,484,
Затрудняюсь ответить ,-3,484,
Частично согласен/на,-4,484,
Согласен/на,-5,484,
Не согласен/на,1,485,
Частично не согласен/на,2,485,
Затрудняюсь ответить ,3,485,
Частично согласен/на,4,485,
Согласен/на,5,485,
Не согласен/на,-1,486,
Частично не согласен/на,-2,486,
Затрудняюсь ответить ,-3,486,
Частично согласен/на,-4,486,
Согласен/на,-5,486,
Не согласен/на,-1,487,
Частично не согласен/на,-2,487,
Затрудняюсь ответить ,-3,487,
Частично согласен/на,-4,487,
Согласен/на,-5,487,
Не согласен/на,-1,488,
Частично не согласен/на,-2,488,
Затрудняюсь ответить ,-3,488,
Частично согласен/на,-4,488,
Согласен/на,-5,488,
Не согласен/на,-1,489,
Частично не согласен/на,-2,489,
Затрудняюсь ответить ,-3,489,
Частично согласен/на,-4,489,
Согласен/на,-5,489,
Не согласен/на,1,490,
Частично не согласен/на,2,490,
Затрудняюсь ответить ,3,490,
Частично согласен/на,4,490,
Согласен/на,5,490,
Не согласен/на,-1,491,
Частично не согласен/на,-2,491,
Затрудняюсь ответить ,-3,491,
Частично согласен/на,-4,491,
Согласен/на,-5,491,
Не согласен/на,1,492,
Частично не согласен/на,2,492,
Затрудняюсь ответить ,3,492,
Частично согласен/на,4,492,
Согласен/на,5,492,
Не согласен/на,-1,493,
Частично не согласен/на,-2,493,
Затрудняюсь ответить ,-3,493,
Частично согласен/на,-4,493,
Согласен/на,-5,493,
Не согласен/на,1,494,
Частично не согласен/на,2,494,
Затрудняюсь ответить ,3,494,
Частично согласен/на,4,494,
Согласен/на,5,494,