Text,Question Id,Test Id,Scale Id,Photo
Мне легко испортить настроение.,1,42,,
"Если меня кто-то обидел, я долго потом помню этот случай.",2,42,,
"Я долго переживаю из-за мелких неприятностей (опоздал на автобус, разбил чашку, испачкал рукав одежды).",3,42,,
"Я могу в течение продолжительного времени находиться в состоянии, когда не хочется никого видеть и ни с кем разговаривать.",4,42,,
Посторонние разговоры и шумы очень меня отвлекают.,5,42,,
"Я могу в течение длительного времени анализировать свои переживания, чувства, поступки.",6,42,,
Мои действия направляются сиюминутным порывом.,7,42,,
Мне часто снятся кошмары.,8,42,,
"Меня тревожит мысль, что я чем-то хуже других.",9,42,,
У меня очень часто меняется настроение.,10,42,,
"В моем голосе во время спора начинают звучать низкие или высокие тона, которые обычно мне несвойствены.",11,42,,
Мне ничего не стоит выйти из себя.,12,42,,
"Если у меня плохое настроение, даже вкусная еда не сможет мне его поднять.",13,42,,
"Если меня не понимают, меня это очень раздражает.",14,42,,
"Можете ли вы выполнить всю работу, которая вам неинтересна, сразу, если время позволяет выполнять ее по частям?",15,41,,
Легко ли вам преодолеть внутреннее сопротивление и заняться каким-то неприятным делом?,16,41,,
"Можете ли вы в конфликтной ситуации взять себя в руки и объективно оценить, кто прав, а кто виноват?",17,41,,
Способны ли вы строго соблюдать прописанную вам диету?,18,41,,
"Если вы решаете завтра встать пораньше, удается ли вам осуществить это намерение?",19,41,,
"Если вы становитесь свидетелем какого-либо происшествия, остаетесь ли вы на месте, чтобы впоследствии дать необходимые показания?",20,41,,
Вы сразу отвечаете на письма?,21,41,,
"Обычно вы находите в себе силы не отменить в последний момент заранее запланированное мероприятие, вызывающее у вас страх.",22,41,,
"Если выписанное врачом лекарство очень неприятное, вы все равно будете его принимать?",23,41,,
Вы всегда выполняете данное кому-то слово?,24,41,,
Вы легко соглашаетесь на дальнюю поездку в незнакомый город?,25,41,,
Вы придерживаетесь определенного распорядка дня?,26,41,,
Всегда ли вы возвращаете книги в библиотеку вовремя?,27,41,,
"Прервете ли вы выполнение срочной работы, чтобы посмотреть по телевизору очень интересную передачу?",28,41,,
"Сможете ли вы первым прекратить ссору, даже если вам очевидно, что ваш оппонент не прав?",29,41,,
"Мне больше нравятся книги о путешествиях, чем книги из серии «Жизнь замечательных людей».",30,51,,
Взрослых детей раздражает забота родителей.,31,51,,
Мне нравится размышлять о причинах успехов и неудачах других людей.,32,51,L,
Среди всех музыкальных передач предпочитаю передачи о современной музыке.,33,51,,
"Чрезмерную раздражительность и несправедливые упреки больного надо терпеть, даже если они продолжаются годами.",34,51,,
Больному человеку можно помочь даже словом.,35,51,,
Посторонним людям не следует вмешиваться в конфликт между двумя лицами.,36,51,,
"Старые люди, как правило, обидчивы без причин.",37,51,,
"Когда в детстве слушал грустную историю, на мои глаза сами по себе наворачивались слезы.",38,51,L,
Раздраженное состояние моих родителей влияет на мое настроение.,39,51,,
Я равнодушен к критике в мой адрес.,40,51,L,
"Мне больше нравится рассматривать портреты, чем картины с пейзажами.",41,51,,
"Я всегда прощал все родителям, даже если они были неправы.",42,51,L,
"Если лошадь плохо тянет, ее нужно хлестать.",43,51,,
"Когда я читаю о драматических событиях в жизни людей, то чувствую, словно это происходит со мной.",44,51,L,
Родители относятся к своим детям справедливо.,45,51,,
"Видя ссорящихся подростков или взрослых, я вмешиваюсь.",46,51,,
Я не обращаю внимание на плохое настроение моих родителей.,47,51,,
"Я подолгу наблюдаю за поведением животных, откладывая другие дела.",48,51,,
Фильмы и книги могут вызвать слезы только у несерьезных людей.,49,51,,
Мне нравится наблюдать за выражением лиц и поведением незнакомых людей.,50,51,,
В детстве я приводил домой кошек и собак.,51,51,,
Все люди необоснованно озлобленны.,52,51,,
"Глядя на постороннего человека, мне хочется угадать, как сложится его жизнь.",53,51,,
В детстве младшие по возрасту ходили за мной по пятам.,54,51,,
При виде покалеченного животного я стараюсь ему чем-то помочь.,55,51,,
"Человеку станет легче, если внимательно слушать его жалобы.",56,51,L,
"Увидев уличное происшествие, я стараюсь не попадать в число свидетелей.",57,51,L,
"Младшим нравится, когда я предлагаю им свою идею, дело или развлечение.",58,51,,
Люди преувеличивают способность животных чувствовать настроение своих хозяев.,59,51,,
Из затруднительной конфликтной ситуации человек должен выходить самостоятельно.,60,51,,
"Если ребенок плачет, на это есть свои причины.",61,51,,
Молодежь должна удовлетворять любые просьбы и чудачества стариков.,62,51,,
"Мне хотелось разобраться, почему некоторые мои одноклассники иногда были задумчивы.",63,51,,
Беспризорных домашних животных следует отлавливать и уничтожать.,64,51,,
"Если мои друзья начинают обсуждать со мной свои личные проблемы, я стараюсь перевести разговор на другую тему.",65,51,L,
"Должен ли, на Ваш взгляд, быть улучшен окружающий мир?",66,39,,
"Стремитесь ли Вы, занимаясь незнакомым делом, достичь в нем совершенства?",67,39,,
"Сможете ли Вы по слогам, без ошибок повторить иностранное слово, услышанное Вами впервые?",68,39,,
"Отстаивая какую-либо идею, Вы:",69,39,,
"Думаете ли Вы, что сможете внести значительный вклад в изменение окружающего мира?",70,39,,
В свободное время Вы предпочитаете:,71,39,,
"Когда Вы решаетесь на какое-то действие, думаете ли Вы, что сможете его осуществить?",72,39,,
"Вы легко сможете сориентироваться на маршруте, пройденному лишь однажды?",73,39,,
Когда Вы один:,74,39,,
"Считаете ли Вы, что в будущем будете иметь такой вес в обществе, что сможете что-то принципиально изменить?",75,39,,
"Вы прекращаете заниматься каким-то делом, когда:",76,39,,
"Считаете ли Вы, что некоторые из Ваших идей принесли бы значительный прогресс в той сфере деятельности, в которой Вы работаете?",77,39,,
"Испытываете ли Вы желание заняться каким-либо новым, незнакомым делом?",78,39,,
"Если Вас заинтересует незнакомое дело, захочется ли Вам узнать о нем все?",79,39,,
"Когда какая-то идея захватывает Вас, то Вы думаете о ней:",80,39,,
"По-Вашему, профессию надо выбирать, учитывая, в первую очередь:",81,39,,
Сразу же после какой-то беседы сможете ли Вы вспомнить в подробностях ее содержание?,82,39,,
"Потерпев неудачу, Вы:",83,39,,
"Полезно читать книги, в которых содержатся мысли, противоположные моим собственным.",84,29,,
"Меня раздражает, когда отвлекают от важной работы (например, просят совета).",85,29,,
Праздники нужно отмечать с родственниками.,86,29,,
"Я могу быть в дружеских отношениях с людьми, чьи поступки я одобряю.",87,29,,
В игре я предпочитаю выигрывать.,88,29,L,
"Когда я опаздываю куда-нибудь, я не в состоянии думать ни о чем другом, кроме как скорее доехать.",89,29,,
"Мне труднее сосредоточиться, чем другим.",90,29,,
"Я много времени уделяю тому, чтобы все вещи лежали на своих местах.",91,29,,
Я очень напряженно работаю.,92,29,,
Неприличные шутки редко вызывают у меня смех.,93,29,L,
"Уверен, что за моей спиной обо мне говорят.",94,29,,
Меня легко переспорить.,95,29,,
Я предпочитаю ходить известными маршрутами.,96,29,,
"Всю свою жизнь я строго следую принципам, основанным на чувстве долга.",97,29,,
"Временами мои мысли проносятся быстрее, чем я успеваю их высказать.",98,29,,
"Бывает, что чья-то нелепая оплошность вызывает у меня смех.",99,29,L,
"Бывает, что мне в голову приходят плохие слова, часто даже ругательства, и я не могу никак от них избавиться.",100,29,L,
"Я уверен, что в мое отсутствие обо мне говорят.",101,29,,
"Я спокойно выхожу из дома, не беспокоясь о том, заперта ли дверь, выключен ли свет, газ и т. п",102,29,,
Самое трудное для меня в любом деле — это начало.,103,29,,
Я практически всегда сдерживаю свои обещания.,104,29,L,
"Нельзя строго осуждать человека, нарушающего формальные правила.",105,29,,
"Мне часто приходилось выполнять распоряжения людей, гораздо меньше знающих, чем я.",106,29,,
Я не всегда говорю правду.,107,29,L,
Мне трудно сосредоточиться на какой-либо задаче или работе.,108,29,,
Кое-кто настроен против меня.,109,29,,
Я люблю доводить начатое до конца.,110,29,,
"Я всегда стараюсь не откладывать на завтра то, что можно сделать сегодня.",111,29,L,
"Когда я иду или еду по улице, я часто подмечаю изменения в окружающей обстановке — подстриженные кусты, новые рекламные щиты и т. п.",112,29,,
"Иногда я так настаиваю на своем, что люди теряют терпение.",113,29,,
Иногда знакомые подшучивают над моей аккуратностью и педантичностью.,114,29,,
"Если я не прав, я не сержусь.",115,29,L,
"Обычно меня настораживают люди, которые относятся ко мне дружелюбнее, чем я ожидал.",116,29,,
Мне трудно отвлечься от начатой работы даже ненадолго.,117,29,,
"Когда я вижу, что меня не понимают, я легко
отказываюсь от намерения доказать что-либо.",118,29,,
В трудные моменты я умею позаботиться о других,119,29,L,
"В трудные моменты мной овладевает тяга к перемене мест, и я счастлив, когда брожу где-нибудь или путешествую.",120,29,,
"Мне нелегко переключиться на новое дело, но потом, разобравшись, я справлюсь с ним лучше других.",121,29,,
"Мне нравится детально изучать то, чем я занимаюсь.",122,29,,
"Мать или отец заставляли меня подчиняться даже тогда, когда я считал это неразумным.",123,29,,
Я умею быть спокойным и даже немного равнодушным при виде чужого несчастья.,124,29,L,
Я легко переключаюсь с одного дела на другое.,125,29,,
Из всех мнений по спорному вопросу только одно действительно является верным.,126,29,,
Я люблю доводить свои умения и навыки до автоматизма.,127,29,,
Меня легко увлечь новыми затеями.,128,29,,
Я пытаюсь добиться своего наперекор обстоятельствам.,129,29,,
"Во время монотонной работы я начинаю изменять способ действия, даже если это порой ухудшает результат.",130,29,,
Люди порой завидуют моему терпению и дотошности.,131,29,,
"На улице, в транспорте я часто разглядываю людей.",132,29,,
"Если бы люди не были настроены против меня, я бы достиг в жизни гораздо большего.",133,29,,
Вам предстоит ординарная или деловая встреча. Выбивает ли Вас ее ожидание из колеи?,134,32,,
"Вызывает ли у Вас смятение и неудовольствие поручение выступить с докладом, сообщением, информацией на каком либо совещании, собрании или тому подомном мероприятии?",135,32,,
Не откладываете ли Вы визит к врачу до последнего момента?,136,32,,
"Вам предлагают выехать в командировку в город, где Вы никогда не бывали. Приложите ли Вы максимум усилий, чтобы избежать этой командировки?",137,32,,
Любите ли Вы делиться своими переживаниями с кем бы то ни было?,138,32,,
"Раздражаетесь ли Вы, если незнакомый человек на улице обратится к Вам с просьбой (показать дорогу, назвать время, ответить на какой-то вопрос)?",139,32,,
"Верите ли Вы, что существует проблема «отцов и детей» и что людям разных поколений трудно понимать друг друга?",140,32,,
"Постесняетесь ли Вы напомнить знакомому, что он забыл Вам вернуть деньги, которые занял несколько месяцев назад?",141,32,,
"В ресторане либо в столовой Вам подали явно недоброкачественное блюдо. Промолчите ли Вы, лишь рассерженно отодвинув тарелку?",142,32,,
"Оказавшись один на один с незнакомым человеком Вы, не вступите с ним в беседу и будете тяготиться, если первым заговорит он. Так ли это?",143,32,,
"Вас приводит в ужас любая длинная очередь, где бы она не была (в магазине, библиотеке, кассе, кинотеатре). Предпочитаете ли вы отказаться от своего намерения, только для того, чтобы не стоять в очереди, в долгом ожидании",144,32,,
Боитесь ли Вы участвовать в какой-либо комиссии по рассмотрению конфликтных ситуаций?,145,32,,
"У Вас есть собственные сугубо индивидуальные критерии оценки произведений литературы, искусства, культуры и никаких чужих мнений на этот счет Вы не приемлете. Это так?",146,32,,
"Услышав где-то в помещении или коридоре высказывание явно ошибочной точки зрения по хорошо известному Вам вопросу, предпочитаете ли Вы промолчать и не вступать в разговор?",147,32,,
Вызывает ли у Вас досаду чья-либо просьба помочь разобраться в том или ином служебном вопросе или учебной теме?,148,32,,
"Охотнее ли Вы излагаете свою точку зрения (мнение, оценку) в письменной форме, чем в устной?",149,32,,
"Меня огорчает, когда вижу, что незнакомый человек чувствует себя среди других людей одиноко.",150,54,,
"Мне неприятно, когда люди не умеют сдерживаться и открыто проявляют свои чувства.",151,54,,
"Когда кто-то рядом со мной нервничает, я тоже начинаю нервничать",152,54,,
"Я считаю, что плакать от счастья глупо.",153,54,,
Я близко к сердцу принимаю проблемы своих друзей.,154,54,,
Иногда песни о любви вызывают у меня много чувств.,155,54,,
"Я бы сильно волновалась, если бы должна была сообщить человеку неприятное для него известие.",156,54,,
На моё настроение очень влияют окружающие люди.,157,54,,
"Мне хотелось бы получить профессию, связанную с общением с людьми.",158,54,,
"Мне очень нравится наблюдать, как люди принимают подарки.",159,54,,
"Когда я вижу плачущего человека, то и сам/a расстраиваюсь.",160,54,,
"Слушая некоторые песни, я порой чувствую себя счастливой/ым.",161,54,,
"Когда я читаю книгу (роман, повесть и т.п.), то так переживаю, как будто всё, о чем читаю, происходит на самом деле.",162,54,,
"Когда я вижу, что с кем-то плохо обращаются, то всегда сержусь.",163,54,,
"Я могу оставаться спокойной/ым, даже если все вокруг волнуются.",164,54,,
"Мне неприятно, когда люди при просмотре кинофильма вздыхают и плачут.",165,54,,
"Когда я принимаю решение, отношение других людей к нему, как правило, роли не играет.",166,54,,
"Я теряю душевное спокойствие, когда окружающие чем-то угнетены.",167,54,,
"Я переживаю, если вижу людей, легко расстраивающихся из-за пустяков.",168,54,,
"Я очень расстраиваюсь, когда вижу страдания животных.",169,54,,
"Глупо переживать по поводу того, что происходит в кино или о чем читаешь в книге.",170,54,,
"Я очень расстраиваюсь, когда вижу беспомощных старых людей.",171,54,,
"Я очень переживаю, когда смотрю фильм.",172,54,,
Я могу остаться равнодушной к любому волнению вокруг.,173,54,,
Маленькие дети плачут без причины.,174,54,,
Мне кажется трудным искусство подражать привычкам других людей.,175,34,,
"Я бы, пожалуй, мог свалять дурака, чтобы привлечь внимание или позабавить окружающих.",176,34,,
Из меня мог бы выйти неплохой актер.,177,34,,
"Другим людям иногда кажется, что я переживаю что-то более глубоко, чем это есть на самом деле.",178,34,,
В компании я редко оказываюсь в центре внимания.,179,34,,
В разных ситуациях и в общении с разными людьми я часто веду себя совершенно по-разному.,180,34,,
"Я могу отстаивать только то, в чем я искренне убежден/на.",181,34,,
"Чтобы преуспеть в делах и в отношениях с людьми, я стараюсь быть таким/ой, каким/ой меня ожидают видеть.",182,34,,
"Я могу быть дружелюбным с людьми, которых я не выношу.",183,34,,
"Я не всегда такой, каким кажусь.",184,34,,
"Вы считаете, что у Вас возникла интересная идея, но ее не поддержали. Расстроитесь?",185,46,,
"Вы встречаетесь с друзьями, и кто-то предлагает начать игру. Что Вы предпочтете?",186,46,,
Спокойно ли воспримите неприятную для Вас новость?,187,46,,
"Раздражают ли Вас люди, которые в общественных местах появляются нетрезвыми?",188,46,,
"Можете ли Вы легко найти контакт с людьми с иными, чем у вас, профессией, положением, обычаями?",189,46,,
"Как Вы реагируете на шутку, объектом которой становитесь?",190,46,,
"Согласны ли Вы с мнением, что многие люди сидят не на своем месте, делают не свое дело?",191,46,,
"Вы приводите в компанию друга (подругу), который становится объектом всеобщего внимания. Как Вы на это реагируете?",192,46,,
"В гостях Вы встречаете пожилого человека, который критикует современное молодое поколение, превозносит былые времена. Как реагируете Вы?",193,46,,
Я могу долго работать без устали.,194,38,,
"Я всегда выполняю то, что обещаю, независимо от испытываемых в связи с этим неудобств.",195,38,L,
"Как правило, руки и ноги у меня теплые.",196,38,,
Я редко страдаю от головных болей.,197,38,,
Я уверен в своих силах.,198,38,,
Ожидание раздражает меня.,199,38,,
Иногда я сам себе кажусь ни на что не годным.,200,38,,
В большинстве случаев я чувствую себя вполне счастливым.,201,38,,
Мне трудно сосредоточиться на каком-то одном предмете.,202,38,,
В детстве я с готовностью выполнял все данные мне поручения.,203,38,L,
Не реже одного раза в месяц я страдаю от расстройства желудка.,204,38,,
Я часто испытываю тревогу по какому-нибудь поводу.,205,38,,
"Я не считаю себя более нервным, чем большинство людей.",206,38,,
Я не застенчив.,207,38,,
Жизнь для меня почти всегда связана с большим напряжением.,208,38,,
"Иногда бывает, что я говорю о вещах, в которых не разбираюсь.",209,38,L,
"Я краснею не чаще, чем другие.",210,38,,
Я часто расстраиваюсь из-за пустяков.,211,38,,
Я редко замечаю у себя сердцебиение и одышку.,212,38,,
"Не все люди, которых я знаю, мне нравятся.",213,38,L,
"Я не могу уснуть, если меня что-то тревожит.",214,38,,
"Обычно я спокоен, и меня нелегко расстроить.",215,38,,
Меня часто мучают ночные кошмары.,216,38,,
Я склонен все принимать всерьез.,217,38,,
"Когда я нервничаю, у меня усиливается потливость.",218,38,,
У меня беспокойный и прерывистый сон.,219,38,,
"В играх я предпочитаю скорее выигрывать, чем проигрывать.",220,38,L,
"Я более чувствителен, чем большинство других людей.",221,38,,
"Бывает, что нескромные шутки и остроты вызывают у меня смех.",222,38,L,
"Я хотел бы быть так же доволен жизнью, как, вероятно, довольны другие.",223,38,,
Мой желудок сильно беспокоит меня.,224,38,,
Я постоянно озабочен своими материальными и служебными делами.,225,38,,
"Я настороженно отношусь к некоторым людям, хотя знаю, что они не могут причинить мне вреда.",226,38,,
"Мне порой кажется, что передо мной нагромождены такие трудности, которых мне не преодолеть.",227,38,,
Я легко прихожу в замешательство.,228,38,,
"Временами я становлюсь настолько возбужденным, что это мешает мне заснуть.",229,38,,
Я предпочитаю уклоняться от конфликтов и затруднительных положений.,230,38,,
У меня бывают приступы тошноты и рвоты.,231,38,,
Я никогда не опаздываю на свидания или работу.,232,38,,
Временами я определенно чувствую себя ненужным.,233,38,,
Иногда мне хочется выругаться.,234,38,L,
Почти всегда я испытываю тревогу в связи с чем-либо или с кем-либо.,235,38,,
Меня беспокоят возможные неудачи.,236,38,,
"Я часто боюсь, что вот-вот покраснею.",237,38,,
Меня нередко охватывает отчаяние.,238,38,,
Я – человек нервный и легко возбудимый.,239,38,,
"Я часто замечаю, что мои руки дрожат, когда я пытаюсь что-нибудь сделать.",240,38,,
Я почти всегда испытываю чувство голода.,241,38,,
Мне не хватает уверенности в себе.,242,38,,
Я легко потею даже в прохладные дни.,243,38,,
"Я часто мечтаю о таких вещах, о которых лучше никому не рассказывать.",244,38,L,
У меня очень редко болит живот.,245,38,,
"Я считаю, что мне очень трудно сосредоточиться на какой-либо задаче или работе.",246,38,,
"У меня бывают периоды такого сильного беспокойства, что я не могу долго усидеть на одном месте.",247,38,,
Я всегда отвечаю на письма сразу же после прочтения.,248,38,L,
Я легко расстраиваюсь.,249,38,,
Я практически никогда не краснею.,250,38,,
"У меня гораздо меньше различных опасений и страхов, чем у моих друзей и знакомых.",251,38,,
"Бывает, что я откладываю на завтра то, что следует сделать сегодня.",252,38,L,
Обычно я работаю с большим напряжением.,253,38,,
"Беспокоюсь сильно, когда не знаю, что делать, попадая в непривычную для меня ситуацию.",254,55,,
Сильно переживаю критику других людей обо мне.,255,55,,
"Боюсь, что могу глупо выглядеть.",256,55,,
"Я часто обращаю внимание на свои неудачи, и не замечаю своих успехов.",257,55,,
"Я часто критикую себя и других, отношусь к себе и другим жестко.",258,55,,
"Как правило, я чувствую, что у меня депрессия и психическое истощение.",259,55,,
Мои фоновые ощущения - беспокойство и страх.,260,55,,
"Уверен в том, что люди относится ко мне несправедливо совершенно заслуженно.",261,55,,
Мир для меня враждебен и опасен. Людям я не доверяю.,262,55,,
"Очень часто виню себя, что все делаю неправильно.",263,55,,
"Постоянно переживаю о том, хорошо ли я выгляжу.",264,55,,
Мне очень тяжело сказать «нет» другим людям.,265,55,,
Постоянно ожидаю критики и недовольства других людей.,266,55,,
"Мне страшно ошибиться, так чтоб это заметили другие.",267,55,,
"Если я что-то не сделал/а вовремя, испытываю ужасный дискомфорт.",268,55,,
Боюсь что-то менять из-за страха совершить ошибку.,269,55,,
"Я всегда очень сильно защищаюсь с сильными эмоциями, когда кто- то меня критикует.",270,55,,
"Не знаю, могу ли чего-то добиться в жизни, не знаю своих способностей.",271,55,,
"Решения принимаю поспешно, в страхах и сомнениях по поводу выбора.",272,55,,
Часто жду чего-то плохого.,273,55,,
"Во время секса не могу расслабиться, чувствую напряжение и дискомфорт.",274,55,,
"Рассказываю о себе лишнее, больше чем надо, или, наоборот, что не надо говорю.",275,55,,
"Часто так сильно волнуюсь, что не могу сказать ни слова.",276,55,,
"Обычно в течении нескольких дней после принятия решения сомневаюсь, правильно ли оно, и очень переживаю об этом.",277,55,,
"Избегаю конфликтов, и боюсь их.",278,55,,
"Другие часто мне говорят, что я слишком чувствительный.",279,55,,
"Иногда чувствую, что я полное ничтожество.",280,55,,
"Думаю, что со мной что-то не в порядке.",281,55,,
Я часто в ущерб себе помогаю другим.,282,55,,
Постоянно занимаюсь сравнением себя с другими.,283,55,,
Часто думаю очень негативно о других и о себе.,284,55,,
"Чувствую, что меня пытаются использовать, относятся ко мне плохо.",285,55,,
"Постоянно прокручиваю в голове кто мне что сказал/сделал, и что я сказал/сделал другим.",286,55,,
"Я не занимаюсь своим здоровьем, и не слежу за собой как нужно.",287,55,,
"Боюсь сказать, сколько стоят мои услуги. Всегда соглашаюсь работать за маленькие деньги.",288,55,,
"Не верю, что у меня есть какие-то уникальные способности и таланты.",289,55,,
"Вру иногда, когда думаю, что меня начнут критиковать и осуждать за правду.",290,55,,
"Могу, когда боюсь показаться некомпетентным или глупым.",291,55,,
У меня нет никаких конкретных целей на год.,292,55,,
"Я живу там, где нет порядка.",293,55,,
"Часто не могу разобраться, что я чувствую.",294,55,,
Родители часто ругали меня за плохое поведение и ошибки.,295,55,,
"Считаю, что моя жизнь намного тяжелее, чем у остальных людей вокруг меня.",296,55,,
"Чтобы не чувствовать страх, иногда ухожу от ситуаций.",297,55,,
"Слишком много времени трачу на то, чтоб я и все остальное выглядело идеально.",298,55,,
"Не могу быть наедине с собой, мне нужно постоянно заполнять пустоту общением и делами.",299,55,,
Слова и дела других людей - основная причина злости.,300,55,,
"Мне сложно сконцентрироваться, когда я переживаю, не могу ничего делать в таком состоянии.",301,55,,
"Мне не повезло с мужем/женой, родителями, страной, работой, образованием.",302,55,,
Чтобы принять решение мне обязательно нужно узнать мнение других людей.,303,55,,
"Задумываетесь ли Вы, какие причины заставляют Вас создавать что-либо новое?",304,30,,
Бывают ли у Вас неприятности из-за собственного любопытства?,305,30,,
Возникает ли у Вас желание оригинально усовершенствовать хорошую вещь?,306,30,,
"Мечтаете ли Вы приобрести известность, создав что-либо социально новое?",307,30,,
В ситуациях риска Вы доверяете интуиции?,308,30,,
"Вы считаете, что в конфликтных ситуациях возможно избежать эмоциональных переживаний?",309,30,,
"Отвечаете ли Вы шуткой, если Вас разыгрывают?",310,30,,
"Если представится случай, Вы поменяете работу на более оплачиваемую, но менее творческую?",311,30,,
Вы продумываете последствия принимаемого Вами решения?,312,30,,
"Познание нового перестает быть любопытным для Вас, если оно связано с риском?",313,30,,
Приходилось ли Вам удачно использовать вещи не по назначению?,314,30,,
"Бывает ли так, что когда Вы рассказываете о каком-нибудь подлинном случае, то прибегаете к вымышленным подробностям?",315,30,,
"В экстремальных ситуациях Вы чаще прислушиваетесь к голосу разума, чем к интуиции?",316,30,,
Доставляет ли Вам эмоциональное удовлетворение процесс творческой деятельности?,317,30,,
Любите ли Вы шутить и смеяться над собой?,318,30,,
Изобретали ли Вы что-то новое в интересующей Вас сфере деятельности?,319,30,,
"Утомляет ли Вас работа, требующая творческого мышления в нестандартных ситуациях?",320,30,,
"Отмечают ли окружающие, что Вы во все вникаете?",321,30,,
Является ли редким Ваше увлечение?,322,30,,
"Бывает ли, что у Вас возникают необычные образы, связанные с реальными событиями?",323,30,,
"Вы иногда предчувствуете, кто звонит Вам по телефону, еще не сняв трубку?",324,30,,
Равнодушны ли Вы к отрицательным проявлениям эмоций чужих детей?,325,30,,
Смеетесь ли Вы над своими неудачами?,326,30,,
"Посещали бы Вы ради новых знаний специальные занятия, даже если это связано с неудобствами?",327,30,,
"Достаточно ли для Вас мелкой детали, намека на проблему, чтобы увлечься ее разработкой?",328,30,,
На философские детские вопросы Вы нашли ответы в зрелом возрасте?,329,30,,
"Испытываете ли Вы потерю интереса к оригинальным, рискованным предложениям Ваших партнеров по работе?",330,30,,
"Фантазируете ли Вы сейчас, как бы Вы жили в другом городе или в другом веке?",331,30,,
Вам трудно предвидеть последствия предстоящего события?,332,30,,
Вы чувствуете эмоциональный подъем и вдохновение в начале нового дела?,333,30,,
"Бывает ли так, что Вы заранее готовили шутку или шутливые истории с целью развеселить компанию?",334,30,,
"Утомляют ли Вас неожиданности в профессиональной деятельности, требующие новых выходов из создавшейся ситуации?",335,30,,
"Вы продумываете варианты решения трудных проблем, прежде чем сделаете выбор наиболее продуктивного?",336,30,,
"Когда Вы долго не познаете новое, Вас мучает чувство неудовлетворенности?",337,30,,
"Вы любите работу, требующую смекалки, даже если она связана с трудностями реализации?",338,30,,
"Сталкиваясь с необычными проблемами, Вы предвидите перспективы их решения?",339,30,,
"Снился ли Вам когда-нибудь сон, который предсказал произошедшие потом события?",340,30,,
"Сочувствуете ли Вы людям, которые не достигли желаемого результата в творчестве?",341,30,,
Используете ли Вы юмор для выхода из затруднительных ситуаций?,342,30,,
Вы выбирали профессию с учетом своих творческих возможностей?,343,30,,
Вам трудно продумать многие отрицательные последствия конфликтной проблемы?,344,30,,
Сможете ли Вы рискнуть карьерой ради познания нового?,345,30,,
"Будете ли Вы заниматься созданием чего-то необычного, если это связано с какими-то трудностями?",346,30,,
"Вам трудно представить незнакомое место, в которое Вы стремитесь попасть?",347,30,,
"Случалось ли так, что Вы вспомнили о человеке, с которым давно не встречались, а потом вдруг неожиданно он позвонил или написал Вам письмо?",348,30,,
Сочувствуете ли Вы обманутому человеку?,349,30,,
"Бывает ли так, что Вы сами придумываете анекдоты и смешные истории?",350,30,,
"Если Вы лишитесь возможности работать, то жизнь для Вас потеряет интерес?",351,30,,
Основательно ли Вы продумываете все этапы своей творческой деятельности?,352,30,,
"Хочется ли Вам порой разобрать вещь, для того чтобы узнать, как она работает?",353,30,,
Вы импровизируете в процессе реализации уже разработанного плана действия?,354,30,,
Вы сочиняете сказки детям?,355,30,,
"Бывает ли так, что Вы по каким-то необъяснимым причинам не доверяете некоторым людям?",356,30,,
"Вы склонны сильно переживать, если Вас обманули?",357,30,,
"Раздражает ли Вас шутка, выраженная в форме иронии?",358,30,,
"Вы чувствуете, что Ваша профессия позволит улучшить окружающий мир?",359,30,,
"Думаете ли Вы, какие тайные причины скрыты в творческой деятельности человека?",360,30,,
"Интересует ли Вас, как живут соседи?",361,30,,
Предпочитаете ли Вы общаться с людьми с необычными взглядами?,362,30,,
"Фантазировали ли Вы когда-нибудь о том, что можно было бы сделать, получив наследство?",363,30,,
Вам трудно определить характер человека с первого взгляда?,364,30,,
Вы сочувствуете нищим людям?,365,30,,
Считают ли Вас окружающие остроумным человеком?,366,30,,
В Вашем профессиональном творчестве было много неудач?,367,30,,
Вы размышляете о причинах успехов и неудач в своей творческой деятельности?,368,30,,
"Если Вы встречаете непонятное новое слово, то узнаете его смысл в справочниках?",369,30,,
"Интересуют ли Вас люди, которые придерживаются только традиционных взглядов на жизнь?",370,30,,
Пишите ли Вы стихи?,371,30,,
"Глядя на знакомого человека, Вам трудно предугадать, как сложится его жизнь?",372,30,,
Вы редко выражаете свои эмоции при уличных скандалах?,373,30,,
Трудно ли Вам с юмором выйти из затруднительной ситуации?,374,30,,
"Можете ли Вы в своей работе пойти на риск, если шансы на успех не гарантированы?",375,30,,
Достоверно ли Вы восстанавливаете по случайным деталям целостный результат?,376,30,,
Пытались ли Вы проследить генеалогическое древо жизни?,377,30,,
"Если бы Ваши знакомые знали, о чем Вы мечтаете, то считали бы Вас чудаком?",378,30,,
Вам трудно представить себя в старости?,379,30,,
"Бывает ли так, что Вы опасаетесь идти на встречу с незнакомым человеком из-за интуитивного беспокойства?",380,30,,
"Наблюдая драматическое событие в жизни людей, чувствуете ли Вы, что это происходило с Вами?",381,30,,
Предпочитаете ли Вы комедию всем остальным жанрам?,382,30,,
Обязательно ли творчество должно сопутствовать профессиональной деятельности?,383,30,,
"Часто ли Вы испытываете тягу к новым впечатлениям, чтобы отвлечься, испытать сильные ощущения?",384,49,1,
"Часто ли Вы чувствуете, что нуждаетесь в друзьях, которые могут Вас понять, ободрить, выразить сочувствие?",385,49,2,
Считаете ли Вы себя беззаботным человеком?,386,49,1,
Очень ли Вам трудно отказываться от своих намерений?,387,49,2,
"Обдумываете ли Вы свои дела не спеша и предпочитаете ли подождать, прежде чем действовать?",388,49,1,
"Всегда ли Вы сдерживаете свои обещания, даже если это Вам невыгодно?",389,49,L,
Часто ли у Вас бывают спады и подъемы настроения?,390,49,2,
Быстро ли Вы обычно действуете и говорите и не тратите ли много времени на обдумывание?,391,49,1,
"Возникало ли у Вас когда-нибудь чувство, что Вы несчастны, хотя никакой серьезной причины для того не было?",392,49,2,
"Верно ли, что на спор Вы способны решиться на все?",393,49,1,
"Смущаетесь ли Вы, когда хотите познакомиться с человеком противоположного пола, который Вам симпатичен?",394,49,2,
"Бывает ли, что, разозлившись, Вы выходите из себя?",395,49,L,
"Часто ли Вы действуете необдуманно, под влиянием момента?",396,49,1,
"Часто ли Вас беспокоят мысли о том, что Вам не следовало бы чего-нибудь делать или говорить?",397,49,2,
Предпочитаете ли Вы чтение книг встречам с людьми?,398,49,1,
"Верно ли, что Вас легко задеть?",399,49,2,
Любите ли Вы часто бывать в компании?,400,49,1,
"Бывают ли у Вас иногда такие мысли, которыми Вам не хотелось бы делиться с другими людьми?",401,49,L,
"Верно ли, что иногда Вы настолько полны энергии, что все горит в руках, а иногда чувствуете сильную вялость?",402,49,2,
Стараетесь ли Вы ограничить круг своих знакомств небольшим числом самых близких людей?,403,49,1,
Много ли Вы мечтаете?,404,49,2,
"Когда на Вас кричат, отвечаете ли Вы тем же?",405,49,1,
Все ли Ваши привычки хороши и желательны?,406,49,2,
Часто ли Вас терзает чувство вины?,407,49,L,
Способны ли Вы дать волю собственным чувствам и вовсю повеселиться в шумной компании?,408,49,1,
"Можно ли сказать, что нервы у Вас часто бывают напряжены до предела?",409,49,2,
Считают ли Вас человеком живым и веселым?,410,49,1,
"После того как дело сделано, часто ли Вы возвращаетесь к нему мысленно и думаете, что могли бы сделать лучше?",411,49,2,
"Чувствуете ли Вы себя неспокойно, находясь в большой компании?",412,49,1,
"Бывает ли, что Вы передаете слухи?",413,49,L,
"Бывает ли, что Вам не спится оттого, что разные мысли лезут Вам в голову?",414,49,2,
"Верно ли, что Вам часто приятнее и легче прочесть о том, что Вас интересует в книге, хотя можно быстрее и проще узнать об этом у друзей?",415,49,1,
Бывает ли у Вас сильное сердцебиение?,416,49,2,
"Нравится ли Вам работа, которая требует пристального внимания?",417,49,1,
Бывают ли у Вас приступы дрожи?,418,49,2,
"Верно ли, что Вы всегда говорите о знакомых Вам людях только хорошее, даже тогда, когда уверены, что они об этом не узнают?",419,49,L,
"Верно ли, что Вам неприятно бывать в компании, где постоянно подшучивают друг над другом?",420,49,1,
"Верно ли, что Вы раздражительны?",421,49,2,
"Нравится ли Вам работа, которая требует быстроты действий?",422,49,1,
"Верно ли, что Вам нередко не дают покоя мысли о разных неприятностях и «ужасах», которые могли бы произойти, хотя все кончилось благополучно?",423,49,2,
"Верно ли, что Вы неторопливы в движениях?",424,49,1,
Вы когда-нибудь опаздывали на свидание или на работу?,425,49,L,
Часто ли Вам снятся кошмары?,426,49,2,
"Верно ли, что Вы такой любитель поговорить, что никогда не упустите удобного случая побеседовать с незнакомым человеком?",427,49,1,
Беспокоят ли Вас какие-нибудь боли?,428,49,2,
"Огорчились бы Вы, если бы долго не могли видеться со своими друзьями?",429,49,1,
Можете ли Вы назвать себя нервным человеком?,430,49,2,
"Есть ли среди ваших знакомых такие, которые Вам явно не нравятся?",431,49,L,
"Могли бы Вы сказать, что Вы уверенный человек?",432,49,1,
Легко ли Вас задевает критика ваших недостатков или вашей работы?,433,49,2,
"Трудно ли получить настоящее удовольствие от мероприятий, в которых много участников?",434,49,1,
"Беспокоит ли Вас чувство, что Вы чем-то хуже других?",435,49,2,
Сумели бы Вы внести оживление в скучную компанию?,436,49,1,
"Бывает ли, что Вы говорите о вещах, в которых совсем не разбираетесь?",437,49,L,
Беспокоитесь ли Вы о своем здоровье?,438,49,2,
Любите ли Вы подшутить над другими?,439,49,1,
Страдаете ли Вы бессонницей?,440,49,2,
Вы были хорошим учеником?,441,23,,
Вы уверены в ценности школы жизни для развития человека?,442,23,,
"Считаете ли Вы, что нравственные нормы - преувеличение?",443,23,,
Привязываетесь ли Вы к мелким предметам?,444,23,,
Были ли родители по отношению к Вам суровыми и требовательными?,445,23,,
"Считаете ли Вы, что успех должен быть достигнут в мучениях и трудах?",446,23,,
Считаете ли Вы себя человеком с принципами?,447,23,,
Легко ли Вы теряете контроль над собой?,448,23,,
"Часто ли у Вас появляется желание жить «сегодняшним днем», не заботясь о будущем?",449,23,,
Пунктуальны ли Вы?,450,23,,
Умеете ли Вы рисковать во имя достижения цели?,451,23,,
"Вы поклялись знакомому, что окажете ему некую очень для него важную услугу. И вдруг заболели. Как поступите:",452,23,,
"Друг доверил Вам личную тайну. Речь идет о поступках, которые Вы оцениваете отрицательно. И тогда Вы:",453,23,,
Какую из ниже перечисленных черт Вы считаете в женщине самой важной:,454,23,,
Склонны ли Вы искать пути к примирению после очередного служебного конфликта?,455,27,,
Как Вы ведете себя в критической ситуации?,456,27,,
Каким считают Вас коллеги?,457,27,,
"Как Вы отреагируете, если Вам предложат ответственную должность?",458,27,,
"Как Вы будете себя вести, если кто-то из Ваших коллег без разрешения возьмёт с Вашего стола бумагу?",459,27,,
"С какими словами Вы встретите мужа/жену, если он/а вернётся с работы позже обычного?",460,27,,
Как Вы ведёте себя за рулём автомобиля?,461,27,,
Какими Вы считаете свои планы на жизнь?,462,27,,
"Что Вы предпринимаете, если Вам не все удается?",463,27,,
Как Вы отреагируете на небольшую статью о случае распущенности среди современной молодежи?,464,27,,
"Что Вы ощущаете, если место, которое Вы хотели получить, досталось другому?",465,27,,
Как Вы смотрите страшный фильм?,466,27,,
"Как Вы будете себя вести, если из-за автомобильной пробки Вы опаздываете на важное совещание?",467,27,,
Как Вы относитесь к своим спортивным успехам?,468,27,,
"Как Вы поступите, если Вас плохо обслужили в ресторане? ",469,27,,
"Как Вы себя поведете, если Вашего ребенка обидели в школе?",470,27,,
Какой по-Вашему Вы человек?,471,27,,
"Что Вы ответите подчиненному, с которым столкнулись в дверях учреждения, если он начал извиняться перед Вами?",472,27,,
Как Вы отреагируете на статью в газете о случаях хулиганства среди молодежи?,473,27,,
"Представьте, что Вам предстоит заново родится, но уже животным. Каким будет это животное?",474,27,,